10/26/2016,Bank of America,539
10/26/2016,Chase,513
10/26/2016,Wells Fargo Bank,295
10/26/2016,American Express,137
10/26/2016,listing below.  There is no,106
10/26/2016,U.S. Bank,86
10/26/2016,NAVY FEDERAL CREDIT UNION,72
10/26/2016,Capital One,68
10/26/2016,PNC BANK,62
10/26/2016,Citi\u00AE,53
10/26/2016,Citibank®,39
10/26/2016,TD Bank,31
10/26/2016,SunTrust,25
10/26/2016,Regions Bank,24
10/26/2016,Citibank,21
10/26/2016,TCF NATIONAL BANK,16
10/26/2016,USAA Federal Savings Bank,16
10/26/2016,Elan Financial Services Fidelity,12
10/26/2016,Fifth Third Bank,11
10/26/2016,State Employees' Credit Union,10
10/27/2016,Bank of America,744
10/27/2016,Chase,566
10/27/2016,Wells Fargo Bank,519
10/27/2016,Capital One,439
10/27/2016,American Express,158
10/27/2016,SunTrust,152
10/27/2016,Fifth Third Bank,136
10/27/2016,listing below.  There is no,120
10/27/2016,U.S. Bank,113
10/27/2016,Citi\u00AE,106
10/27/2016,KeyBank,82
10/27/2016,Citibank®,72
10/27/2016,PNC BANK,66
10/27/2016,RBFCU,57
10/27/2016,NAVY FEDERAL CREDIT UNION,56
10/27/2016,Citibank,34
10/27/2016,Security Service Federal Credit Union,33
10/27/2016,Associated Bank,32
10/27/2016,TD Bank,27
10/27/2016,Regions Bank,25
10/28/2016,Bank of America,715
10/28/2016,Chase,543
10/28/2016,Wells Fargo Bank,367
10/28/2016,American Express,173
10/28/2016,listing below.  There is no,127
10/28/2016,U.S. Bank,92
10/28/2016,Citi\u00AE,74
10/28/2016,NAVY FEDERAL CREDIT UNION,73
10/28/2016,Capital One,70
10/28/2016,PNC BANK,52
10/28/2016,Citibank®,39
10/28/2016,Regions Bank,33
10/28/2016,TD Bank,33
10/28/2016,SunTrust,29
10/28/2016,Citibank,28
10/28/2016,Fifth Third Bank,17
10/28/2016,Elan Financial Services Fidelity,13
10/28/2016,USAA Federal Savings Bank,13
10/28/2016,BRANCH BANKING and TRUST CO,10
10/28/2016,TCF NATIONAL BANK,9
10/29/2016,Bank of America,535
10/29/2016,Chase,508
10/29/2016,Wells Fargo Bank,249
10/29/2016,American Express,149
10/29/2016,listing below.  There is no,113
10/29/2016,U.S. Bank,79
10/29/2016,Capital One,71
10/29/2016,NAVY FEDERAL CREDIT UNION,69
10/29/2016,Citi\u00AE,67
10/29/2016,PNC BANK,61
10/29/2016,Citibank®,42
10/29/2016,Citibank,28
10/29/2016,Regions Bank,24
10/29/2016,TD Bank,21
10/29/2016,SunTrust,17
10/29/2016,USAA Federal Savings Bank,15
10/29/2016,Fifth Third Bank,13
10/29/2016,Elan Financial Services Fidelity,11
10/29/2016,COMPASS BANK,9
10/29/2016,BRANCH BANKING and TRUST CO,9
10/30/2016,Bank of America,521
10/30/2016,Chase,478
10/30/2016,Wells Fargo Bank,335
10/30/2016,American Express,137
10/30/2016,listing below.  There is no,116
10/30/2016,U.S. Bank,80
10/30/2016,Capital One,80
10/30/2016,Citi\u00AE,66
10/30/2016,PNC BANK,56
10/30/2016,NAVY FEDERAL CREDIT UNION,52
10/30/2016,Citibank®,40
10/30/2016,Citibank,30
10/30/2016,Regions Bank,25
10/30/2016,SunTrust,23
10/30/2016,USAA Federal Savings Bank,20
10/30/2016,TD Bank,19
10/30/2016,Fifth Third Bank,11
10/30/2016,TCF NATIONAL BANK,9
10/30/2016,Elan Financial Services Fidelity,9
10/30/2016,BRANCH BANKING and TRUST CO,9
10/31/2016,Bank of America,567
10/31/2016,Chase,489
10/31/2016,Wells Fargo Bank,348
10/31/2016,American Express,157
10/31/2016,Capital One,151
10/31/2016,listing below.  There is no,90
10/31/2016,U.S. Bank,78
10/31/2016,Citi\u00AE,76
10/31/2016,NAVY FEDERAL CREDIT UNION,69
10/31/2016,PNC BANK,62
10/31/2016,Citibank®,38
10/31/2016,Fifth Third Bank,37
10/31/2016,SunTrust,36
10/31/2016,TD Bank,34
10/31/2016,Regions Bank,33
10/31/2016,Citibank,27
10/31/2016,KeyBank,22
10/31/2016,RBFCU,13
10/31/2016,TCF NATIONAL BANK,11
10/31/2016,USAA Federal Savings Bank,11
11/1/2016,Bank of America,641
11/1/2016,Chase,575
11/1/2016,Wells Fargo Bank,350
11/1/2016,American Express,160
11/1/2016,listing below.  There is no,117
11/1/2016,U.S. Bank,88
11/1/2016,Capital One,78
11/1/2016,NAVY FEDERAL CREDIT UNION,74
11/1/2016,Citi\u00AE,52
11/1/2016,PNC BANK,47
11/1/2016,Citibank®,40
11/1/2016,SunTrust,34
11/1/2016,TD Bank,30
11/1/2016,Citibank,29
11/1/2016,Regions Bank,26
11/1/2016,USAA Federal Savings Bank,20
11/1/2016,KeyBank,17
11/1/2016,Fifth Third Bank,15
11/1/2016,State Employees' Credit Union,13
11/1/2016,Elan Financial Services Fidelity,11
11/2/2016,Bank of America,574
11/2/2016,Chase,528
11/2/2016,Wells Fargo Bank,431
11/2/2016,American Express,142
11/2/2016,listing below.  There is no,124
11/2/2016,U.S. Bank,99
11/2/2016,Capital One,70
11/2/2016,Citi\u00AE,61
11/2/2016,PNC BANK,59
11/2/2016,NAVY FEDERAL CREDIT UNION,59
11/2/2016,Citibank®,34
11/2/2016,TD Bank,33
11/2/2016,Citibank,27
11/2/2016,USAA Federal Savings Bank,25
11/2/2016,Regions Bank,24
11/2/2016,SunTrust,23
11/2/2016,State Employees' Credit Union,17
11/2/2016,COMPASS BANK,15
11/2/2016,Fifth Third Bank,10
11/2/2016,TCF NATIONAL BANK,9
11/3/2016,Bank of America,547
11/3/2016,Chase,526
11/3/2016,Wells Fargo Bank,346
11/3/2016,American Express,147
11/3/2016,listing below.  There is no,115
11/3/2016,U.S. Bank,97
11/3/2016,Capital One,69
11/3/2016,Citi\u00AE,68
11/3/2016,NAVY FEDERAL CREDIT UNION,67
11/3/2016,PNC BANK,61
11/3/2016,Citibank®,33
11/3/2016,TD Bank,29
11/3/2016,Regions Bank,27
11/3/2016,USAA Federal Savings Bank,21
11/3/2016,SunTrust,19
11/3/2016,Citibank,15
11/3/2016,Elan Financial Services Fidelity,13
11/3/2016,State Employees' Credit Union,11
11/3/2016,KeyBank,11
11/3/2016,COMPASS BANK,9
11/4/2016,Chase,748
11/4/2016,Bank of America,732
11/4/2016,Wells Fargo Bank,364
11/4/2016,American Express,191
11/4/2016,listing below.  There is no,177
11/4/2016,Capital One,107
11/4/2016,U.S. Bank,103
11/4/2016,PNC BANK,94
11/4/2016,Citi\u00AE,90
11/4/2016,NAVY FEDERAL CREDIT UNION,88
11/4/2016,Citibank®,58
11/4/2016,TD Bank,45
11/4/2016,Regions Bank,35
11/4/2016,Citibank,33
11/4/2016,USAA Federal Savings Bank,31
11/4/2016,BRANCH BANKING and TRUST CO,23
11/4/2016,SunTrust,22
11/4/2016,Fifth Third Bank,20
11/4/2016,Elan Financial Services Fidelity,17
11/4/2016,Discover Card,16
11/5/2016,Chase,641
11/5/2016,Bank of America,581
11/5/2016,Wells Fargo Bank,410
11/5/2016,American Express,190
11/5/2016,listing below.  There is no,147
11/5/2016,U.S. Bank,109
11/5/2016,Capital One,107
11/5/2016,PNC BANK,89
11/5/2016,NAVY FEDERAL CREDIT UNION,87
11/5/2016,Citi\u00AE,72
11/5/2016,Citibank®,48
11/5/2016,TD Bank,41
11/5/2016,Regions Bank,31
11/5/2016,SunTrust,28
11/5/2016,USAA Federal Savings Bank,27
11/5/2016,Citibank,23
11/5/2016,Fifth Third Bank,22
11/5/2016,BRANCH BANKING and TRUST CO,21
11/5/2016,KeyBank,13
11/5/2016,Elan Financial Services Fidelity,13
11/6/2016,Chase,553
11/6/2016,Bank of America,461
11/6/2016,Wells Fargo Bank,301
11/6/2016,American Express,160
11/6/2016,listing below.  There is no,107
11/6/2016,Capital One,93
11/6/2016,PNC BANK,67
11/6/2016,U.S. Bank,66
11/6/2016,NAVY FEDERAL CREDIT UNION,61
11/6/2016,Citi\u00AE,58
11/6/2016,Citibank®,41
11/6/2016,USAA Federal Savings Bank,30
11/6/2016,TD Bank,26
11/6/2016,SunTrust,24
11/6/2016,Regions Bank,22
11/6/2016,Citibank,22
11/6/2016,Fifth Third Bank,14
11/6/2016,State Employees' Credit Union,13
11/6/2016,TCF NATIONAL BANK,12
11/6/2016,COMPASS BANK,11
11/7/2016,Bank of America,590
11/7/2016,Chase,554
11/7/2016,Wells Fargo Bank,344
11/7/2016,American Express,157
11/7/2016,listing below.  There is no,128
11/7/2016,U.S. Bank,112
11/7/2016,Capital One,102
11/7/2016,NAVY FEDERAL CREDIT UNION,68
11/7/2016,PNC BANK,66
11/7/2016,Citi\u00AE,65
11/7/2016,Citibank®,38
11/7/2016,TD Bank,36
11/7/2016,Regions Bank,30
11/7/2016,Citibank,29
11/7/2016,USAA Federal Savings Bank,21
11/7/2016,Fifth Third Bank,21
11/7/2016,SunTrust,20
11/7/2016,Elan Financial Services Fidelity,15
11/7/2016,COMPASS BANK,11
11/7/2016,KeyBank,11
11/8/2016,Bank of America,597
11/8/2016,Chase,575
11/8/2016,Wells Fargo Bank,356
11/8/2016,American Express,190
11/8/2016,listing below.  There is no,136
11/8/2016,U.S. Bank,104
11/8/2016,Capital One,93
11/8/2016,Citi\u00AE,65
11/8/2016,NAVY FEDERAL CREDIT UNION,63
11/8/2016,PNC BANK,58
11/8/2016,Citibank®,47
11/8/2016,Citibank,28
11/8/2016,Regions Bank,24
11/8/2016,TD Bank,23
11/8/2016,SunTrust,23
11/8/2016,USAA Federal Savings Bank,18
11/8/2016,Fifth Third Bank,16
11/8/2016,Elan Financial Services Fidelity,10
11/8/2016,State Employees' Credit Union,9
11/8/2016,COMPASS BANK,8
11/9/2016,Bank of America,538
11/9/2016,Chase,522
11/9/2016,Wells Fargo Bank,441
11/9/2016,American Express,152
11/9/2016,listing below.  There is no,132
11/9/2016,U.S. Bank,105
11/9/2016,PNC BANK,75
11/9/2016,Capital One,73
11/9/2016,NAVY FEDERAL CREDIT UNION,62
11/9/2016,Citi\u00AE,49
11/9/2016,Citibank®,42
11/9/2016,Regions Bank,30
11/9/2016,TD Bank,29
11/9/2016,Fifth Third Bank,23
11/9/2016,Citibank,20
11/9/2016,SunTrust,20
11/9/2016,USAA Federal Savings Bank,15
11/9/2016,State Employees' Credit Union,13
11/9/2016,BRANCH BANKING and TRUST CO,13
11/9/2016,TCF NATIONAL BANK,12
11/10/2016,Chase,558
11/10/2016,Bank of America,524
11/10/2016,Wells Fargo Bank,375
11/10/2016,American Express,160
11/10/2016,listing below.  There is no,133
11/10/2016,Capital One,100
11/10/2016,U.S. Bank,70
11/10/2016,PNC BANK,65
11/10/2016,Citi\u00AE,51
11/10/2016,NAVY FEDERAL CREDIT UNION,46
11/10/2016,Citibank®,36
11/10/2016,Regions Bank,29
11/10/2016,TD Bank,29
11/10/2016,Citibank,27
11/10/2016,USAA Federal Savings Bank,24
11/10/2016,SunTrust,20
11/10/2016,Elan Financial Services Fidelity,13
11/10/2016,BRANCH BANKING and TRUST CO,12
11/10/2016,Fifth Third Bank,11
11/10/2016,Security Service Federal Credit Union,11
11/11/2016,Chase,514
11/11/2016,Bank of America,494
11/11/2016,Wells Fargo Bank,347
11/11/2016,American Express,161
11/11/2016,listing below.  There is no,120
11/11/2016,NAVY FEDERAL CREDIT UNION,75
11/11/2016,Capital One,73
11/11/2016,U.S. Bank,70
11/11/2016,PNC BANK,59
11/11/2016,Citi\u00AE,49
11/11/2016,Citibank®,36
11/11/2016,Citibank,31
11/11/2016,Regions Bank,27
11/11/2016,TD Bank,26
11/11/2016,USAA Federal Savings Bank,21
11/11/2016,Elan Financial Services Fidelity,15
11/11/2016,SunTrust,15
11/11/2016,COMPASS BANK,12
11/11/2016,Fifth Third Bank,12
11/11/2016,TCF NATIONAL BANK,10
11/12/2016,Chase,463
11/12/2016,Bank of America,437
11/12/2016,Wells Fargo Bank,228
11/12/2016,American Express,153
11/12/2016,listing below.  There is no,122
11/12/2016,Capital One,90
11/12/2016,U.S. Bank,73
11/12/2016,PNC BANK,65
11/12/2016,NAVY FEDERAL CREDIT UNION,55
11/12/2016,Citi\u00AE,46
11/12/2016,Regions Bank,33
11/12/2016,Citibank®,30
11/12/2016,Citibank,28
11/12/2016,TD Bank,27
11/12/2016,USAA Federal Savings Bank,21
11/12/2016,SunTrust,19
11/12/2016,Fifth Third Bank,11
11/12/2016,KeyBank,11
11/12/2016,America First Credit Union,9
11/12/2016,Elan Financial Services Fidelity,8
11/13/2016,Chase,478
11/13/2016,Bank of America,410
11/13/2016,Wells Fargo Bank,266
11/13/2016,American Express,153
11/13/2016,listing below.  There is no,110
11/13/2016,Capital One,78
11/13/2016,PNC BANK,60
11/13/2016,U.S. Bank,60
11/13/2016,Citi\u00AE,58
11/13/2016,NAVY FEDERAL CREDIT UNION,44
11/13/2016,TD Bank,35
11/13/2016,Citibank®,34
11/13/2016,Regions Bank,27
11/13/2016,Citibank,26
11/13/2016,USAA Federal Savings Bank,18
11/13/2016,TCF NATIONAL BANK,15
11/13/2016,Elan Financial Services Fidelity,13
11/13/2016,SunTrust,13
11/13/2016,Fifth Third Bank,11
11/13/2016,USAA SAVINGS BANK,9
11/14/2016,Chase,521
11/14/2016,Bank of America,521
11/14/2016,Capital One,462
11/14/2016,Wells Fargo Bank,436
11/14/2016,American Express,176
11/14/2016,Fifth Third Bank,151
11/14/2016,SunTrust,125
11/14/2016,listing below.  There is no,117
11/14/2016,Citi\u00AE,96
11/14/2016,U.S. Bank,88
11/14/2016,Citibank®,78
11/14/2016,NAVY FEDERAL CREDIT UNION,70
11/14/2016,KeyBank,69
11/14/2016,PNC BANK,53
11/14/2016,RBFCU,37
11/14/2016,Citibank,28
11/14/2016,Security Service Federal Credit Union,25
11/14/2016,People's United Bank,25
11/14/2016,Regions Bank,23
11/14/2016,USAA Federal Savings Bank,20
11/15/2016,Capital One,815
11/15/2016,Bank of America,691
11/15/2016,Chase,537
11/15/2016,Wells Fargo Bank,400
11/15/2016,Fifth Third Bank,192
11/15/2016,American Express,178
11/15/2016,SunTrust,154
11/15/2016,listing below.  There is no,135
11/15/2016,Citi\u00AE,122
11/15/2016,RBFCU,79
11/15/2016,NAVY FEDERAL CREDIT UNION,78
11/15/2016,U.S. Bank,76
11/15/2016,Citibank®,76
11/15/2016,KeyBank,74
11/15/2016,PNC BANK,62
11/15/2016,Security Service Federal Credit Union,48
11/15/2016,Citibank,42
11/15/2016,TD Bank,39
11/15/2016,People's United Bank,37
11/15/2016,Associated Bank,35
11/16/2016,Bank of America,697
11/16/2016,Chase,561
11/16/2016,Capital One,512
11/16/2016,Wells Fargo Bank,428
11/16/2016,Fifth Third Bank,215
11/16/2016,SunTrust,206
11/16/2016,American Express,161
11/16/2016,Citi\u00AE,144
11/16/2016,KeyBank,125
11/16/2016,listing below.  There is no,125
11/16/2016,Citibank®,84
11/16/2016,U.S. Bank,83
11/16/2016,RBFCU,77
11/16/2016,PNC BANK,62
11/16/2016,NAVY FEDERAL CREDIT UNION,60
11/16/2016,Associated Bank,44
11/16/2016,Security Service Federal Credit Union,43
11/16/2016,People's United Bank,35
11/16/2016,USAA Federal Savings Bank,27
11/16/2016,Citibank,25
11/17/2016,Bank of America,525
11/17/2016,Chase,486
11/17/2016,Wells Fargo Bank,326
11/17/2016,Capital One,229
11/17/2016,American Express,157
11/17/2016,listing below.  There is no,137
11/17/2016,Citi\u00AE,82
11/17/2016,U.S. Bank,79
11/17/2016,Fifth Third Bank,69
11/17/2016,PNC BANK,64
11/17/2016,NAVY FEDERAL CREDIT UNION,64
11/17/2016,SunTrust,59
11/17/2016,Citibank®,53
11/17/2016,TD Bank,31
11/17/2016,KeyBank,29
11/17/2016,Regions Bank,27
11/17/2016,Citibank,26
11/17/2016,USAA Federal Savings Bank,25
11/17/2016,RBFCU,15
11/17/2016,Associated Bank,13
11/18/2016,Chase,619
11/18/2016,Bank of America,543
11/18/2016,Wells Fargo Bank,406
11/18/2016,American Express,211
11/18/2016,listing below.  There is no,175
11/18/2016,Capital One,105
11/18/2016,U.S. Bank,95
11/18/2016,PNC BANK,86
11/18/2016,NAVY FEDERAL CREDIT UNION,81
11/18/2016,Citi\u00AE,74
11/18/2016,Citibank®,64
11/18/2016,Regions Bank,38
11/18/2016,SunTrust,30
11/18/2016,Citibank,29
11/18/2016,USAA Federal Savings Bank,29
11/18/2016,TD Bank,28
11/18/2016,Fifth Third Bank,18
11/18/2016,BRANCH BANKING and TRUST CO,15
11/18/2016,TCF NATIONAL BANK,10
11/18/2016,USAA SAVINGS BANK,10
11/19/2016,Chase,631
11/19/2016,Bank of America,584
11/19/2016,Wells Fargo Bank,403
11/19/2016,American Express,194
11/19/2016,listing below.  There is no,153
11/19/2016,Capital One,108
11/19/2016,U.S. Bank,96
11/19/2016,PNC BANK,87
11/19/2016,NAVY FEDERAL CREDIT UNION,84
11/19/2016,Citi\u00AE,78
11/19/2016,Citibank®,49
11/19/2016,Citibank,33
11/19/2016,USAA Federal Savings Bank,33
11/19/2016,TD Bank,31
11/19/2016,Regions Bank,28
11/19/2016,SunTrust,28
11/19/2016,Fifth Third Bank,20
11/19/2016,Elan Financial Services Fidelity,16
11/19/2016,State Employees' Credit Union,15
11/19/2016,BRANCH BANKING and TRUST CO,13
11/20/2016,Bank of America,569
11/20/2016,Chase,550
11/20/2016,Wells Fargo Bank,318
11/20/2016,American Express,195
11/20/2016,listing below.  There is no,127
11/20/2016,Capital One,114
11/20/2016,U.S. Bank,81
11/20/2016,PNC BANK,70
11/20/2016,Citi\u00AE,59
11/20/2016,NAVY FEDERAL CREDIT UNION,56
11/20/2016,Citibank®,40
11/20/2016,USAA Federal Savings Bank,35
11/20/2016,TD Bank,33
11/20/2016,Citibank,31
11/20/2016,Regions Bank,25
11/20/2016,SunTrust,18
11/20/2016,Fifth Third Bank,17
11/20/2016,State Employees' Credit Union,15
11/20/2016,KeyBank,10
11/20/2016,TCF NATIONAL BANK,10
11/21/2016,Chase,582
11/21/2016,Bank of America,574
11/21/2016,Wells Fargo Bank,369
11/21/2016,American Express,170
11/21/2016,listing below.  There is no,115
11/21/2016,Capital One,109
11/21/2016,U.S. Bank,102
11/21/2016,NAVY FEDERAL CREDIT UNION,68
11/21/2016,PNC BANK,60
11/21/2016,Citi\u00AE,56
11/21/2016,Citibank®,40
11/21/2016,TD Bank,32
11/21/2016,Citibank,28
11/21/2016,USAA Federal Savings Bank,25
11/21/2016,SunTrust,23
11/21/2016,Fifth Third Bank,19
11/21/2016,Regions Bank,17
11/21/2016,BRANCH BANKING and TRUST CO,16
11/21/2016,State Employees' Credit Union,12
11/21/2016,RBFCU,12
11/22/2016,Bank of America,533
11/22/2016,Chase,526
11/22/2016,Wells Fargo Bank,359
11/22/2016,Capital One,238
11/22/2016,American Express,170
11/22/2016,listing below.  There is no,109
11/22/2016,U.S. Bank,83
11/22/2016,Citi\u00AE,79
11/22/2016,NAVY FEDERAL CREDIT UNION,69
11/22/2016,PNC BANK,63
11/22/2016,SunTrust,55
11/22/2016,Citibank®,53
11/22/2016,Fifth Third Bank,51
11/22/2016,TD Bank,29
11/22/2016,Citibank,25
11/22/2016,KeyBank,22
11/22/2016,USAA Federal Savings Bank,20
11/22/2016,Regions Bank,18
11/22/2016,RBFCU,15
11/22/2016,State Employees' Credit Union,13
11/23/2016,Chase,578
11/23/2016,Bank of America,541
11/23/2016,Wells Fargo Bank,414
11/23/2016,American Express,207
11/23/2016,listing below.  There is no,122
11/23/2016,U.S. Bank,99
11/23/2016,Capital One,77
11/23/2016,Citi\u00AE,72
11/23/2016,PNC BANK,66
11/23/2016,NAVY FEDERAL CREDIT UNION,60
11/23/2016,Citibank®,40
11/23/2016,Regions Bank,31
11/23/2016,TD Bank,30
11/23/2016,Citibank,29
11/23/2016,SunTrust,27
11/23/2016,USAA Federal Savings Bank,21
11/23/2016,Fifth Third Bank,13
11/23/2016,TCF NATIONAL BANK,12
11/23/2016,COMPASS BANK,11
11/23/2016,BRANCH BANKING and TRUST CO,10
11/24/2016,Chase,470
11/24/2016,Bank of America,437
11/24/2016,Wells Fargo Bank,362
11/24/2016,American Express,161
11/24/2016,listing below.  There is no,108
11/24/2016,Citi\u00AE,78
11/24/2016,U.S. Bank,75
11/24/2016,Capital One,74
11/24/2016,PNC BANK,61
11/24/2016,NAVY FEDERAL CREDIT UNION,60
11/24/2016,Citibank®,39
11/24/2016,Citibank,31
11/24/2016,USAA Federal Savings Bank,23
11/24/2016,TD Bank,22
11/24/2016,SunTrust,18
11/24/2016,Regions Bank,15
11/24/2016,BRANCH BANKING and TRUST CO,13
11/24/2016,TCF NATIONAL BANK,12
11/24/2016,Fifth Third Bank,12
11/24/2016,State Employees' Credit Union,11
11/25/2016,Chase,629
11/25/2016,Bank of America,579
11/25/2016,Wells Fargo Bank,290
11/25/2016,American Express,200
11/25/2016,listing below.  There is no,135
11/25/2016,Capital One,106
11/25/2016,U.S. Bank,97
11/25/2016,Citi\u00AE,75
11/25/2016,PNC BANK,65
11/25/2016,NAVY FEDERAL CREDIT UNION,63
11/25/2016,Citibank®,42
11/25/2016,TD Bank,37
11/25/2016,USAA Federal Savings Bank,36
11/25/2016,Citibank,27
11/25/2016,Regions Bank,27
11/25/2016,SunTrust,18
11/25/2016,Fifth Third Bank,16
11/25/2016,Elan Financial Services Fidelity,14
11/25/2016,State Employees' Credit Union,14
11/25/2016,TCF NATIONAL BANK,11
11/26/2016,Chase,572
11/26/2016,Bank of America,523
11/26/2016,Wells Fargo Bank,439
11/26/2016,American Express,189
11/26/2016,listing below.  There is no,132
11/26/2016,Capital One,100
11/26/2016,U.S. Bank,84
11/26/2016,Citi\u00AE,74
11/26/2016,PNC BANK,66
11/26/2016,NAVY FEDERAL CREDIT UNION,65
11/26/2016,Citibank,38
11/26/2016,Citibank®,32
11/26/2016,USAA Federal Savings Bank,28
11/26/2016,SunTrust,26
11/26/2016,TD Bank,25
11/26/2016,Regions Bank,20
11/26/2016,TCF NATIONAL BANK,14
11/26/2016,Fifth Third Bank,13
11/26/2016,State Employees' Credit Union,10
11/26/2016,America First Credit Union,9
11/27/2016,Chase,503
11/27/2016,Bank of America,485
11/27/2016,Wells Fargo Bank,271
11/27/2016,American Express,147
11/27/2016,listing below.  There is no,121
11/27/2016,Capital One,107
11/27/2016,U.S. Bank,82
11/27/2016,NAVY FEDERAL CREDIT UNION,74
11/27/2016,Citi\u00AE,64
11/27/2016,PNC BANK,59
11/27/2016,Citibank,35
11/27/2016,Citibank®,30
11/27/2016,Regions Bank,21
11/27/2016,USAA Federal Savings Bank,20
11/27/2016,TD Bank,20
11/27/2016,SunTrust,12
11/27/2016,COMPASS BANK,11
11/27/2016,Fifth Third Bank,10
11/27/2016,BRANCH BANKING and TRUST CO,10
11/27/2016,State Employees' Credit Union,9
11/28/2016,Bank of America,554
11/28/2016,Chase,492
11/28/2016,Wells Fargo Bank,440
11/28/2016,American Express,169
11/28/2016,listing below.  There is no,110
11/28/2016,U.S. Bank,95
11/28/2016,NAVY FEDERAL CREDIT UNION,89
11/28/2016,Capital One,89
11/28/2016,Citi\u00AE,66
11/28/2016,PNC BANK,61
11/28/2016,Citibank®,40
11/28/2016,USAA Federal Savings Bank,30
11/28/2016,TD Bank,29
11/28/2016,Regions Bank,28
11/28/2016,Citibank,24
11/28/2016,SunTrust,21
11/28/2016,BRANCH BANKING and TRUST CO,18
11/28/2016,TCF NATIONAL BANK,13
11/28/2016,State Employees' Credit Union,13
11/28/2016,Fifth Third Bank,11
11/29/2016,Bank of America,570
11/29/2016,Chase,562
11/29/2016,Wells Fargo Bank,386
11/29/2016,American Express,176
11/29/2016,listing below.  There is no,121
11/29/2016,Capital One,104
11/29/2016,U.S. Bank,101
11/29/2016,PNC BANK,68
11/29/2016,NAVY FEDERAL CREDIT UNION,62
11/29/2016,Citi\u00AE,55
11/29/2016,USAA Federal Savings Bank,34
11/29/2016,TD Bank,34
11/29/2016,SunTrust,31
11/29/2016,Citibank®,31
11/29/2016,Citibank,26
11/29/2016,Regions Bank,25
11/29/2016,America First Credit Union,12
11/29/2016,BRANCH BANKING and TRUST CO,11
11/29/2016,TCF NATIONAL BANK,10
11/29/2016,Elan Financial Services Fidelity,10
11/30/2016,Bank of America,570
11/30/2016,Chase,553
11/30/2016,Wells Fargo Bank,435
11/30/2016,American Express,188
11/30/2016,listing below.  There is no,123
11/30/2016,Capital One,105
11/30/2016,U.S. Bank,89
11/30/2016,PNC BANK,79
11/30/2016,NAVY FEDERAL CREDIT UNION,77
11/30/2016,Citi\u00AE,67
11/30/2016,Citibank®,48
11/30/2016,TD Bank,41
11/30/2016,Citibank,36
11/30/2016,USAA Federal Savings Bank,32
11/30/2016,Regions Bank,26
11/30/2016,SunTrust,23
11/30/2016,State Employees' Credit Union,15
11/30/2016,BRANCH BANKING and TRUST CO,14
11/30/2016,KeyBank,11
11/30/2016,TCF NATIONAL BANK,9
12/1/2016,Bank of America,686
12/1/2016,Chase,534
12/1/2016,Wells Fargo Bank,369
12/1/2016,Capital One,309
12/1/2016,American Express,177
12/1/2016,listing below.  There is no,119
12/1/2016,U.S. Bank,118
12/1/2016,SunTrust,110
12/1/2016,Fifth Third Bank,92
12/1/2016,Citi\u00AE,92
12/1/2016,PNC BANK,70
12/1/2016,Citibank®,65
12/1/2016,KeyBank,55
12/1/2016,NAVY FEDERAL CREDIT UNION,51
12/1/2016,Citibank,35
12/1/2016,RBFCU,30
12/1/2016,TD Bank,29
12/1/2016,Security Service Federal Credit Union,28
12/1/2016,USAA Federal Savings Bank,26
12/1/2016,Regions Bank,20
12/2/2016,Bank of America,734
12/2/2016,Chase,558
12/2/2016,Wells Fargo Bank,388
12/2/2016,Capital One,284
12/2/2016,SunTrust,271
12/2/2016,Fifth Third Bank,246
12/2/2016,American Express,181
12/2/2016,Citi\u00AE,148
12/2/2016,KeyBank,129
12/2/2016,listing below.  There is no,118
12/2/2016,Citibank®,111
12/2/2016,U.S. Bank,104
12/2/2016,RBFCU,81
12/2/2016,NAVY FEDERAL CREDIT UNION,63
12/2/2016,PNC BANK,60
12/2/2016,Security Service Federal Credit Union,54
12/2/2016,People's United Bank,50
12/2/2016,Associated Bank,47
12/2/2016,TD Bank,37
12/2/2016,Citibank,33
12/3/2016,Chase,526
12/3/2016,Bank of America,497
12/3/2016,Wells Fargo Bank,319
12/3/2016,American Express,173
12/3/2016,listing below.  There is no,127
12/3/2016,Capital One,101
12/3/2016,U.S. Bank,93
12/3/2016,Citi\u00AE,72
12/3/2016,PNC BANK,68
12/3/2016,NAVY FEDERAL CREDIT UNION,57
12/3/2016,Citibank®,47
12/3/2016,TD Bank,39
12/3/2016,Citibank,26
12/3/2016,USAA Federal Savings Bank,26
12/3/2016,Regions Bank,22
12/3/2016,SunTrust,22
12/3/2016,State Employees' Credit Union,19
12/3/2016,Fifth Third Bank,15
12/3/2016,TCF NATIONAL BANK,13
12/3/2016,BRANCH BANKING and TRUST CO,13
12/4/2016,Capital One,806
12/4/2016,Bank of America,745
12/4/2016,Chase,514
12/4/2016,Fifth Third Bank,401
12/4/2016,SunTrust,338
12/4/2016,Wells Fargo Bank,299
12/4/2016,KeyBank,194
12/4/2016,Citi\u00AE,180
12/4/2016,American Express,152
12/4/2016,RBFCU,151
12/4/2016,Citibank®,114
12/4/2016,listing below.  There is no,107
12/4/2016,U.S. Bank,89
12/4/2016,Associated Bank,84
12/4/2016,Security Service Federal Credit Union,76
12/4/2016,PNC BANK,64
12/4/2016,NAVY FEDERAL CREDIT UNION,55
12/4/2016,People's United Bank,55
12/4/2016,Ally Bank,40
12/4/2016,Citizens Equity First Credit Union,35
12/5/2016,Capital One,840
12/5/2016,Bank of America,811
12/5/2016,Chase,545
12/5/2016,Fifth Third Bank,445
12/5/2016,SunTrust,381
12/5/2016,Wells Fargo Bank,332
12/5/2016,KeyBank,231
12/5/2016,Citi\u00AE,198
12/5/2016,American Express,181
12/5/2016,Citibank®,150
12/5/2016,RBFCU,137
12/5/2016,listing below.  There is no,116
12/5/2016,U.S. Bank,106
12/5/2016,Security Service Federal Credit Union,86
12/5/2016,Associated Bank,84
12/5/2016,PNC BANK,69
12/5/2016,NAVY FEDERAL CREDIT UNION,53
12/5/2016,People's United Bank,51
12/5/2016,Ally Bank,42
12/5/2016,Citizens Equity First Credit Union,35
12/6/2016,Bank of America,572
12/6/2016,Chase,524
12/6/2016,Wells Fargo Bank,323
12/6/2016,Capital One,232
12/6/2016,American Express,158
12/6/2016,listing below.  There is no,130
12/6/2016,U.S. Bank,92
12/6/2016,PNC BANK,77
12/6/2016,NAVY FEDERAL CREDIT UNION,70
12/6/2016,Citi\u00AE,65
12/6/2016,SunTrust,48
12/6/2016,Citibank®,45
12/6/2016,Fifth Third Bank,43
12/6/2016,KeyBank,38
12/6/2016,USAA Federal Savings Bank,35
12/6/2016,TD Bank,32
12/6/2016,Citibank,24
12/6/2016,Regions Bank,21
12/6/2016,RBFCU,19
12/6/2016,Associated Bank,14
12/7/2016,Bank of America,553
12/7/2016,Chase,505
12/7/2016,Wells Fargo Bank,391
12/7/2016,Capital One,238
12/7/2016,American Express,161
12/7/2016,listing below.  There is no,123
12/7/2016,Citi\u00AE,94
12/7/2016,U.S. Bank,80
12/7/2016,PNC BANK,69
12/7/2016,NAVY FEDERAL CREDIT UNION,69
12/7/2016,SunTrust,63
12/7/2016,Fifth Third Bank,48
12/7/2016,Citibank®,45
12/7/2016,TD Bank,33
12/7/2016,KeyBank,32
12/7/2016,USAA Federal Savings Bank,28
12/7/2016,Citibank,26
12/7/2016,Regions Bank,16
12/7/2016,BRANCH BANKING and TRUST CO,16
12/7/2016,COMPASS BANK,14
12/8/2016,Chase,541
12/8/2016,Bank of America,501
12/8/2016,Wells Fargo Bank,363
12/8/2016,American Express,152
12/8/2016,listing below.  There is no,136
12/8/2016,Capital One,114
12/8/2016,U.S. Bank,78
12/8/2016,PNC BANK,66
12/8/2016,NAVY FEDERAL CREDIT UNION,66
12/8/2016,Citi\u00AE,54
12/8/2016,TD Bank,31
12/8/2016,USAA Federal Savings Bank,30
12/8/2016,Citibank®,30
12/8/2016,Regions Bank,28
12/8/2016,SunTrust,24
12/8/2016,Citibank,21
12/8/2016,BRANCH BANKING and TRUST CO,16
12/8/2016,Elan Financial Services Fidelity,12
12/8/2016,COMPASS BANK,11
12/8/2016,Fifth Third Bank,9
12/9/2016,Bank of America,567
12/9/2016,Chase,493
12/9/2016,Wells Fargo Bank,376
12/9/2016,American Express,171
12/9/2016,listing below.  There is no,127
12/9/2016,Capital One,95
12/9/2016,U.S. Bank,92
12/9/2016,NAVY FEDERAL CREDIT UNION,65
12/9/2016,Citi\u00AE,64
12/9/2016,PNC BANK,59
12/9/2016,Citibank®,43
12/9/2016,USAA Federal Savings Bank,36
12/9/2016,Regions Bank,29
12/9/2016,Citibank,25
12/9/2016,TD Bank,22
12/9/2016,Fifth Third Bank,17
12/9/2016,SunTrust,17
12/9/2016,BRANCH BANKING and TRUST CO,15
12/9/2016,State Employees' Credit Union,10
12/9/2016,Elan Financial Services Fidelity,10
12/10/2016,Chase,678
12/10/2016,Bank of America,592
12/10/2016,Wells Fargo Bank,475
12/10/2016,American Express,220
12/10/2016,listing below.  There is no,149
12/10/2016,Capital One,147
12/10/2016,U.S. Bank,100
12/10/2016,PNC BANK,95
12/10/2016,Citi\u00AE,82
12/10/2016,NAVY FEDERAL CREDIT UNION,75
12/10/2016,Citibank®,56
12/10/2016,USAA Federal Savings Bank,39
12/10/2016,Regions Bank,36
12/10/2016,TD Bank,35
12/10/2016,Citibank,31
12/10/2016,SunTrust,26
12/10/2016,BRANCH BANKING and TRUST CO,17
12/10/2016,Elan Financial Services Fidelity,16
12/10/2016,TCF NATIONAL BANK,13
12/10/2016,Fifth Third Bank,13
12/11/2016,Chase,543
12/11/2016,Bank of America,517
12/11/2016,Wells Fargo Bank,322
12/11/2016,American Express,182
12/11/2016,listing below.  There is no,150
12/11/2016,Capital One,132
12/11/2016,U.S. Bank,106
12/11/2016,NAVY FEDERAL CREDIT UNION,83
12/11/2016,PNC BANK,82
12/11/2016,Citi\u00AE,76
12/11/2016,Citibank®,49
12/11/2016,USAA Federal Savings Bank,38
12/11/2016,Citibank,35
12/11/2016,TD Bank,33
12/11/2016,Regions Bank,24
12/11/2016,SunTrust,24
12/11/2016,BRANCH BANKING and TRUST CO,21
12/11/2016,TCF NATIONAL BANK,19
12/11/2016,State Employees' Credit Union,18
12/11/2016,Fifth Third Bank,18
12/12/2016,Bank of America,606
12/12/2016,Chase,604
12/12/2016,Wells Fargo Bank,365
12/12/2016,Capital One,232
12/12/2016,American Express,197
12/12/2016,listing below.  There is no,160
12/12/2016,U.S. Bank,101
12/12/2016,Citi\u00AE,87
12/12/2016,SunTrust,79
12/12/2016,NAVY FEDERAL CREDIT UNION,70
12/12/2016,PNC BANK,67
12/12/2016,Fifth Third Bank,52
12/12/2016,Citibank®,42
12/12/2016,USAA Federal Savings Bank,41
12/12/2016,KeyBank,38
12/12/2016,TD Bank,34
12/12/2016,Citibank,27
12/12/2016,BRANCH BANKING and TRUST CO,27
12/12/2016,Regions Bank,25
12/12/2016,RBFCU,22
12/13/2016,Chase,581
12/13/2016,Bank of America,545
12/13/2016,Wells Fargo Bank,369
12/13/2016,American Express,160
12/13/2016,Capital One,128
12/13/2016,listing below.  There is no,127
12/13/2016,U.S. Bank,83
12/13/2016,NAVY FEDERAL CREDIT UNION,70
12/13/2016,PNC BANK,62
12/13/2016,Citi\u00AE,54
12/13/2016,TD Bank,41
12/13/2016,Citibank®,41
12/13/2016,Regions Bank,38
12/13/2016,USAA Federal Savings Bank,38
12/13/2016,Citibank,32
12/13/2016,SunTrust,23
12/13/2016,Elan Financial Services Fidelity,16
12/13/2016,Fifth Third Bank,13
12/13/2016,USAA SAVINGS BANK,10
12/13/2016,KeyBank,10
12/22/2016,Bank of America,548
12/22/2016,Chase,544
12/22/2016,Wells Fargo Bank,402
12/22/2016,American Express,153
12/22/2016,listing below.  There is no,131
12/22/2016,Capital One,118
12/22/2016,U.S. Bank,81
12/22/2016,NAVY FEDERAL CREDIT UNION,72
12/22/2016,PNC BANK,68
12/22/2016,Citi\u00AE,59
12/22/2016,USAA Federal Savings Bank,45
12/22/2016,Citibank®,31
12/22/2016,TD Bank,30
12/22/2016,Regions Bank,27
12/22/2016,Citibank,27
12/22/2016,BRANCH BANKING and TRUST CO,20
12/22/2016,SunTrust,15
12/22/2016,Fifth Third Bank,14
12/22/2016,KeyBank,13
12/22/2016,COMPASS BANK,9
12/23/2016,Bank of America,598
12/23/2016,Chase,590
12/23/2016,Wells Fargo Bank,485
12/23/2016,American Express,171
12/23/2016,Capital One,134
12/23/2016,listing below.  There is no,127
12/23/2016,U.S. Bank,92
12/23/2016,PNC BANK,80
12/23/2016,NAVY FEDERAL CREDIT UNION,70
12/23/2016,Citi\u00AE,68
12/23/2016,TD Bank,41
12/23/2016,USAA Federal Savings Bank,39
12/23/2016,Citibank®,30
12/23/2016,SunTrust,28
12/23/2016,Citibank,24
12/23/2016,Regions Bank,20
12/23/2016,BRANCH BANKING and TRUST CO,19
12/23/2016,Elan Financial Services Fidelity,13
12/23/2016,TCF NATIONAL BANK,13
12/23/2016,KeyBank,12
12/24/2016,Chase,540
12/24/2016,Bank of America,508
12/24/2016,Wells Fargo Bank,382
12/24/2016,American Express,152
12/24/2016,listing below.  There is no,128
12/24/2016,Capital One,113
12/24/2016,Citi\u00AE,79
12/24/2016,U.S. Bank,76
12/24/2016,NAVY FEDERAL CREDIT UNION,59
12/24/2016,PNC BANK,56
12/24/2016,USAA Federal Savings Bank,41
12/24/2016,Citibank®,39
12/24/2016,Citibank,25
12/24/2016,Regions Bank,24
12/24/2016,TD Bank,23
12/24/2016,SunTrust,20
12/24/2016,Fifth Third Bank,18
12/24/2016,USAA SAVINGS BANK,14
12/24/2016,BRANCH BANKING and TRUST CO,12
12/24/2016,State Employees' Credit Union,11
12/25/2016,Chase,554
12/25/2016,Bank of America,424
12/25/2016,Wells Fargo Bank,267
12/25/2016,American Express,158
12/25/2016,listing below.  There is no,129
12/25/2016,Capital One,106
12/25/2016,NAVY FEDERAL CREDIT UNION,74
12/25/2016,U.S. Bank,71
12/25/2016,PNC BANK,68
12/25/2016,Citi\u00AE,61
12/25/2016,USAA Federal Savings Bank,37
12/25/2016,Citibank®,34
12/25/2016,Citibank,28
12/25/2016,TD Bank,27
12/25/2016,SunTrust,27
12/25/2016,Regions Bank,17
12/25/2016,Fifth Third Bank,14
12/25/2016,Elan Financial Services Fidelity,12
12/25/2016,USAA SAVINGS BANK,11
12/25/2016,MOUNTAIN AMERICA FEDERAL CREDIT ,10
12/26/2016,Chase,519
12/26/2016,Bank of America,489
12/26/2016,Wells Fargo Bank,348
12/26/2016,American Express,161
12/26/2016,listing below.  There is no,153
12/26/2016,Capital One,126
12/26/2016,U.S. Bank,93
12/26/2016,PNC BANK,77
12/26/2016,Citi\u00AE,66
12/26/2016,NAVY FEDERAL CREDIT UNION,59
12/26/2016,USAA Federal Savings Bank,45
12/26/2016,Citibank®,39
12/26/2016,SunTrust,32
12/26/2016,Citibank,27
12/26/2016,Regions Bank,27
12/26/2016,Fifth Third Bank,17
12/26/2016,TD Bank,17
12/26/2016,BRANCH BANKING and TRUST CO,16
12/26/2016,State Employees' Credit Union,15
12/26/2016,COMPASS BANK,12
12/27/2016,Chase,580
12/27/2016,Bank of America,486
12/27/2016,Wells Fargo Bank,297
12/27/2016,American Express,176
12/27/2016,listing below.  There is no,128
12/27/2016,Capital One,109
12/27/2016,U.S. Bank,91
12/27/2016,Citi\u00AE,82
12/27/2016,PNC BANK,71
12/27/2016,NAVY FEDERAL CREDIT UNION,59
12/27/2016,Citibank®,49
12/27/2016,USAA Federal Savings Bank,46
12/27/2016,Citibank,33
12/27/2016,Regions Bank,27
12/27/2016,TD Bank,27
12/27/2016,SunTrust,27
12/27/2016,Fifth Third Bank,21
12/27/2016,"Chase Bank USA, N.A.",14
12/27/2016,BRANCH BANKING and TRUST CO,14
12/27/2016,Elan Financial Services Fidelity,13
12/28/2016,Chase,669
12/28/2016,Bank of America,667
12/28/2016,Wells Fargo Bank,558
12/28/2016,American Express,204
12/28/2016,Capital One,173
12/28/2016,listing below.  There is no,147
12/28/2016,U.S. Bank,95
12/28/2016,PNC BANK,92
12/28/2016,NAVY FEDERAL CREDIT UNION,74
12/28/2016,Citi\u00AE,67
12/28/2016,USAA Federal Savings Bank,52
12/28/2016,Citibank®,47
12/28/2016,TD Bank,42
12/28/2016,Regions Bank,41
12/28/2016,Citibank,34
12/28/2016,SunTrust,33
12/28/2016,USAA SAVINGS BANK,20
12/28/2016,Elan Financial Services Fidelity,20
12/28/2016,BRANCH BANKING and TRUST CO,20
12/28/2016,State Employees' Credit Union,16
12/29/2016,Bank of America,607
12/29/2016,Chase,602
12/29/2016,Wells Fargo Bank,410
12/29/2016,American Express,185
12/29/2016,listing below.  There is no,138
12/29/2016,Capital One,119
12/29/2016,U.S. Bank,100
12/29/2016,PNC BANK,76
12/29/2016,Citi\u00AE,67
12/29/2016,NAVY FEDERAL CREDIT UNION,61
12/29/2016,USAA Federal Savings Bank,44
12/29/2016,TD Bank,41
12/29/2016,Citibank®,36
12/29/2016,Citibank,31
12/29/2016,Regions Bank,24
12/29/2016,Fifth Third Bank,22
12/29/2016,SunTrust,22
12/29/2016,KeyBank,16
12/29/2016,Elan Financial Services Fidelity,12
12/29/2016,USAA SAVINGS BANK,11
12/30/2016,Chase,592
12/30/2016,Bank of America,575
12/30/2016,Wells Fargo Bank,458
12/30/2016,American Express,157
12/30/2016,listing below.  There is no,139
12/30/2016,U.S. Bank,113
12/30/2016,Capital One,110
12/30/2016,NAVY FEDERAL CREDIT UNION,72
12/30/2016,PNC BANK,70
12/30/2016,Citi\u00AE,57
12/30/2016,USAA Federal Savings Bank,46
12/30/2016,TD Bank,43
12/30/2016,Citibank®,33
12/30/2016,Citibank,30
12/30/2016,Regions Bank,26
12/30/2016,USAA SAVINGS BANK,18
12/30/2016,SunTrust,17
12/30/2016,BRANCH BANKING and TRUST CO,16
12/30/2016,Fifth Third Bank,16
12/30/2016,State Employees' Credit Union,13
12/31/2016,Chase,510
12/31/2016,Bank of America,450
12/31/2016,Wells Fargo Bank,350
12/31/2016,American Express,153
12/31/2016,listing below.  There is no,137
12/31/2016,Capital One,118
12/31/2016,U.S. Bank,75
12/31/2016,NAVY FEDERAL CREDIT UNION,74
12/31/2016,Citi\u00AE,61
12/31/2016,PNC BANK,51
12/31/2016,USAA Federal Savings Bank,47
12/31/2016,Citibank,32
12/31/2016,Citibank®,32
12/31/2016,Regions Bank,28
12/31/2016,TD Bank,28
12/31/2016,SunTrust,28
12/31/2016,Fifth Third Bank,16
12/31/2016,USAA SAVINGS BANK,13
12/31/2016,TCF NATIONAL BANK,12
12/31/2016,Elan Financial Services Fidelity,10
1/1/2017,Chase,432
1/1/2017,Bank of America,334
1/1/2017,Wells Fargo Bank,225
1/1/2017,listing below.  There is no,117
1/1/2017,American Express,111
1/1/2017,Capital One,92
1/1/2017,U.S. Bank,64
1/1/2017,NAVY FEDERAL CREDIT UNION,53
1/1/2017,PNC BANK,46
1/1/2017,Citi\u00AE,46
1/1/2017,Citibank®,34
1/1/2017,USAA Federal Savings Bank,30
1/1/2017,TD Bank,28
1/1/2017,SunTrust,24
1/1/2017,Regions Bank,20
1/1/2017,Citibank,17
1/1/2017,Fifth Third Bank,13
1/1/2017,State Employees' Credit Union,11
1/1/2017,USAA SAVINGS BANK,10
1/1/2017,COMPASS BANK,9
1/2/2017,Chase,492
1/2/2017,Bank of America,472
1/2/2017,Wells Fargo Bank,347
1/2/2017,American Express,148
1/2/2017,Capital One,119
1/2/2017,listing below.  There is no,115
1/2/2017,U.S. Bank,68
1/2/2017,NAVY FEDERAL CREDIT UNION,66
1/2/2017,PNC BANK,57
1/2/2017,Citi\u00AE,51
1/2/2017,USAA Federal Savings Bank,36
1/2/2017,Regions Bank,34
1/2/2017,TD Bank,32
1/2/2017,Citibank,27
1/2/2017,SunTrust,24
1/2/2017,Citibank®,22
1/2/2017,Fifth Third Bank,15
1/2/2017,Elan Financial Services Fidelity,11
1/2/2017,BRANCH BANKING and TRUST CO,11
1/2/2017,USAA SAVINGS BANK,10
1/3/2017,Chase,513
1/3/2017,Bank of America,499
1/3/2017,Wells Fargo Bank,290
1/3/2017,American Express,173
1/3/2017,listing below.  There is no,143
1/3/2017,Capital One,125
1/3/2017,U.S. Bank,100
1/3/2017,NAVY FEDERAL CREDIT UNION,65
1/3/2017,PNC BANK,58
1/3/2017,Citi\u00AE,57
1/3/2017,USAA Federal Savings Bank,51
1/3/2017,TD Bank,43
1/3/2017,Citibank®,36
1/3/2017,Citibank,28
1/3/2017,Regions Bank,23
1/3/2017,SunTrust,20
1/3/2017,Fifth Third Bank,18
1/3/2017,BRANCH BANKING and TRUST CO,15
1/3/2017,KeyBank,10
1/3/2017,USAA SAVINGS BANK,8
1/4/2017,Capital One,1114
1/4/2017,Bank of America,775
1/4/2017,Chase,553
1/4/2017,Wells Fargo Bank,481
1/4/2017,Fifth Third Bank,327
1/4/2017,SunTrust,276
1/4/2017,KeyBank,216
1/4/2017,American Express,166
1/4/2017,Citi\u00AE,159
1/4/2017,listing below.  There is no,139
1/4/2017,Citibank®,106
1/4/2017,RBFCU,99
1/4/2017,U.S. Bank,89
1/4/2017,PNC BANK,67
1/4/2017,NAVY FEDERAL CREDIT UNION,62
1/4/2017,Security Service Federal Credit Union,61
1/4/2017,Associated Bank,57
1/4/2017,People's United Bank,54
1/4/2017,USAA Federal Savings Bank,48
1/4/2017,Citibank,41
1/5/2017,Capital One,1000
1/5/2017,Bank of America,681
1/5/2017,Chase,543
1/5/2017,Wells Fargo Bank,403
1/5/2017,Fifth Third Bank,302
1/5/2017,SunTrust,261
1/5/2017,KeyBank,189
1/5/2017,American Express,169
1/5/2017,Citi\u00AE,136
1/5/2017,listing below.  There is no,129
1/5/2017,Citibank®,97
1/5/2017,U.S. Bank,95
1/5/2017,RBFCU,84
1/5/2017,PNC BANK,59
1/5/2017,NAVY FEDERAL CREDIT UNION,59
1/5/2017,Security Service Federal Credit Union,57
1/5/2017,Associated Bank,52
1/5/2017,USAA Federal Savings Bank,52
1/5/2017,People's United Bank,48
1/5/2017,Citibank,35
1/6/2017,Bank of America,543
1/6/2017,Chase,489
1/6/2017,Wells Fargo Bank,415
1/6/2017,Capital One,315
1/6/2017,American Express,147
1/6/2017,listing below.  There is no,133
1/6/2017,U.S. Bank,99
1/6/2017,Citi\u00AE,78
1/6/2017,Fifth Third Bank,73
1/6/2017,NAVY FEDERAL CREDIT UNION,69
1/6/2017,PNC BANK,68
1/6/2017,KeyBank,61
1/6/2017,SunTrust,55
1/6/2017,Citibank®,48
1/6/2017,USAA Federal Savings Bank,35
1/6/2017,TD Bank,34
1/6/2017,Regions Bank,29
1/6/2017,Citibank,24
1/6/2017,Security Service Federal Credit Union,18
1/6/2017,RBFCU,17
1/7/2017,Chase,517
1/7/2017,Bank of America,421
1/7/2017,Wells Fargo Bank,396
1/7/2017,American Express,124
1/7/2017,listing below.  There is no,118
1/7/2017,Capital One,115
1/7/2017,Citi\u00AE,66
1/7/2017,U.S. Bank,61
1/7/2017,NAVY FEDERAL CREDIT UNION,58
1/7/2017,PNC BANK,57
1/7/2017,USAA Federal Savings Bank,44
1/7/2017,Citibank®,36
1/7/2017,TD Bank,33
1/7/2017,Citibank,29
1/7/2017,Regions Bank,28
1/7/2017,SunTrust,26
1/7/2017,BRANCH BANKING and TRUST CO,13
1/7/2017,Fifth Third Bank,12
1/7/2017,State Employees' Credit Union,11
1/7/2017,TCF NATIONAL BANK,11
1/8/2017,Chase,484
1/8/2017,Bank of America,424
1/8/2017,Wells Fargo Bank,273
1/8/2017,American Express,155
1/8/2017,listing below.  There is no,125
1/8/2017,Capital One,108
1/8/2017,U.S. Bank,76
1/8/2017,Citi\u00AE,57
1/8/2017,PNC BANK,56
1/8/2017,NAVY FEDERAL CREDIT UNION,52
1/8/2017,Citibank®,36
1/8/2017,TD Bank,35
1/8/2017,USAA Federal Savings Bank,34
1/8/2017,SunTrust,20
1/8/2017,Citibank,19
1/8/2017,Regions Bank,15
1/8/2017,Fifth Third Bank,13
1/8/2017,"Chase Bank USA, N.A.",12
1/8/2017,BRANCH BANKING and TRUST CO,9
1/8/2017,State Employees' Credit Union,8
1/9/2017,Chase,517
1/9/2017,Bank of America,490
1/9/2017,Wells Fargo Bank,375
1/9/2017,Capital One,289
1/9/2017,American Express,168
1/9/2017,listing below.  There is no,123
1/9/2017,U.S. Bank,79
1/9/2017,NAVY FEDERAL CREDIT UNION,77
1/9/2017,Citi\u00AE,76
1/9/2017,SunTrust,72
1/9/2017,Fifth Third Bank,70
1/9/2017,PNC BANK,68
1/9/2017,KeyBank,51
1/9/2017,Citibank®,41
1/9/2017,USAA Federal Savings Bank,33
1/9/2017,Citibank,26
1/9/2017,Regions Bank,24
1/9/2017,RBFCU,23
1/9/2017,TD Bank,22
1/9/2017,Security Service Federal Credit Union,17
1/10/2017,Chase,578
1/10/2017,Bank of America,499
1/10/2017,Wells Fargo Bank,350
1/10/2017,American Express,171
1/10/2017,listing below.  There is no,127
1/10/2017,Capital One,118
1/10/2017,U.S. Bank,102
1/10/2017,PNC BANK,77
1/10/2017,NAVY FEDERAL CREDIT UNION,74
1/10/2017,Citi\u00AE,61
1/10/2017,USAA Federal Savings Bank,39
1/10/2017,Citibank®,36
1/10/2017,Citibank,31
1/10/2017,TD Bank,30
1/10/2017,SunTrust,27
1/10/2017,Regions Bank,26
1/10/2017,Fifth Third Bank,26
1/10/2017,BRANCH BANKING and TRUST CO,18
1/10/2017,"Chase Bank USA, N.A.",14
1/10/2017,America First Credit Union,9
1/11/2017,Chase,549
1/11/2017,Bank of America,531
1/11/2017,Wells Fargo Bank,480
1/11/2017,American Express,181
1/11/2017,listing below.  There is no,140
1/11/2017,Capital One,126
1/11/2017,U.S. Bank,97
1/11/2017,NAVY FEDERAL CREDIT UNION,69
1/11/2017,Citi\u00AE,59
1/11/2017,PNC BANK,58
1/11/2017,USAA Federal Savings Bank,38
1/11/2017,Citibank®,37
1/11/2017,Citibank,36
1/11/2017,Regions Bank,30
1/11/2017,SunTrust,27
1/11/2017,TD Bank,23
1/11/2017,Fifth Third Bank,18
1/11/2017,Elan Financial Services Fidelity,17
1/11/2017,BRANCH BANKING and TRUST CO,14
1/11/2017,USAA SAVINGS BANK,13
1/12/2017,Bank of America,514
1/12/2017,Chase,485
1/12/2017,Wells Fargo Bank,354
1/12/2017,American Express,168
1/12/2017,listing below.  There is no,125
1/12/2017,Capital One,109
1/12/2017,NAVY FEDERAL CREDIT UNION,71
1/12/2017,PNC BANK,67
1/12/2017,U.S. Bank,66
1/12/2017,Citi\u00AE,49
1/12/2017,Citibank®,48
1/12/2017,USAA Federal Savings Bank,41
1/12/2017,Citibank,38
1/12/2017,TD Bank,33
1/12/2017,Regions Bank,25
1/12/2017,Fifth Third Bank,22
1/12/2017,SunTrust,17
1/12/2017,Elan Financial Services Fidelity,11
1/12/2017,America First Credit Union,11
1/12/2017,State Employees' Credit Union,10
1/13/2017,Bank of America,514
1/13/2017,Chase,511
1/13/2017,Wells Fargo Bank,291
1/13/2017,American Express,162
1/13/2017,listing below.  There is no,143
1/13/2017,Capital One,127
1/13/2017,NAVY FEDERAL CREDIT UNION,73
1/13/2017,U.S. Bank,71
1/13/2017,PNC BANK,65
1/13/2017,Citi\u00AE,59
1/13/2017,USAA Federal Savings Bank,42
1/13/2017,Citibank®,35
1/13/2017,Citibank,33
1/13/2017,TD Bank,24
1/13/2017,Regions Bank,23
1/13/2017,Fifth Third Bank,19
1/13/2017,SunTrust,19
1/13/2017,"Chase Bank USA, N.A.",15
1/13/2017,BRANCH BANKING and TRUST CO,13
1/13/2017,State Employees' Credit Union,12
1/14/2017,Chase,516
1/14/2017,Bank of America,455
1/14/2017,Wells Fargo Bank,424
1/14/2017,listing below.  There is no,144
1/14/2017,American Express,141
1/14/2017,Capital One,113
1/14/2017,U.S. Bank,81
1/14/2017,NAVY FEDERAL CREDIT UNION,64
1/14/2017,Citi\u00AE,59
1/14/2017,PNC BANK,58
1/14/2017,Citibank®,39
1/14/2017,USAA Federal Savings Bank,31
1/14/2017,Citibank,30
1/14/2017,Regions Bank,29
1/14/2017,TD Bank,27
1/14/2017,SunTrust,13
1/14/2017,BRANCH BANKING and TRUST CO,13
1/14/2017,USAA SAVINGS BANK,12
1/14/2017,"Chase Bank USA, N.A.",11
1/14/2017,Fifth Third Bank,10
1/15/2017,Chase,444
1/15/2017,Bank of America,383
1/15/2017,Wells Fargo Bank,220
1/15/2017,American Express,140
1/15/2017,listing below.  There is no,131
1/15/2017,Capital One,112
1/15/2017,NAVY FEDERAL CREDIT UNION,61
1/15/2017,PNC BANK,57
1/15/2017,Citi\u00AE,57
1/15/2017,U.S. Bank,54
1/15/2017,USAA Federal Savings Bank,42
1/15/2017,Regions Bank,28
1/15/2017,Citibank,27
1/15/2017,Citibank®,24
1/15/2017,TD Bank,23
1/15/2017,SunTrust,17
1/15/2017,BRANCH BANKING and TRUST CO,13
1/15/2017,KeyBank,11
1/15/2017,Fifth Third Bank,10
1/15/2017,USAA SAVINGS BANK,9
1/16/2017,Chase,474
1/16/2017,Bank of America,447
1/16/2017,Wells Fargo Bank,324
1/16/2017,American Express,134
1/16/2017,listing below.  There is no,131
1/16/2017,Capital One,108
1/16/2017,U.S. Bank,79
1/16/2017,NAVY FEDERAL CREDIT UNION,73
1/16/2017,Citi\u00AE,72
1/16/2017,PNC BANK,66
1/16/2017,USAA Federal Savings Bank,41
1/16/2017,Citibank®,35
1/16/2017,Citibank,33
1/16/2017,Regions Bank,28
1/16/2017,TD Bank,24
1/16/2017,SunTrust,20
1/16/2017,Fifth Third Bank,17
1/16/2017,Elan Financial Services Fidelity,14
1/16/2017,"Chase Bank USA, N.A.",11
1/16/2017,State Employees' Credit Union,10
1/17/2017,Bank of America,633
1/17/2017,Chase,543
1/17/2017,Capital One,504
1/17/2017,Wells Fargo Bank,282
1/17/2017,American Express,198
1/17/2017,Fifth Third Bank,158
1/17/2017,SunTrust,136
1/17/2017,listing below.  There is no,132
1/17/2017,Citi\u00AE,107
1/17/2017,U.S. Bank,98
1/17/2017,KeyBank,84
1/17/2017,NAVY FEDERAL CREDIT UNION,83
1/17/2017,Citibank®,70
1/17/2017,PNC BANK,62
1/17/2017,USAA Federal Savings Bank,46
1/17/2017,Citibank,39
1/17/2017,RBFCU,38
1/17/2017,TD Bank,35
1/17/2017,Security Service Federal Credit Union,28
1/17/2017,Associated Bank,27
1/18/2017,Bank of America,538
1/18/2017,Chase,468
1/18/2017,Wells Fargo Bank,386
1/18/2017,American Express,148
1/18/2017,Capital One,114
1/18/2017,listing below.  There is no,113
1/18/2017,U.S. Bank,79
1/18/2017,NAVY FEDERAL CREDIT UNION,71
1/18/2017,PNC BANK,68
1/18/2017,Citi\u00AE,46
1/18/2017,Citibank®,42
1/18/2017,USAA Federal Savings Bank,41
1/18/2017,TD Bank,32
1/18/2017,Citibank,24
1/18/2017,Regions Bank,23
1/18/2017,SunTrust,23
1/18/2017,Elan Financial Services Fidelity,19
1/18/2017,Fifth Third Bank,14
1/18/2017,BRANCH BANKING and TRUST CO,14
1/18/2017,COMPASS BANK,12
1/19/2017,Bank of America,595
1/19/2017,Capital One,514
1/19/2017,Chase,504
1/19/2017,Wells Fargo Bank,440
1/19/2017,Fifth Third Bank,158
1/19/2017,American Express,148
1/19/2017,SunTrust,139
1/19/2017,listing below.  There is no,133
1/19/2017,Citi\u00AE,111
1/19/2017,U.S. Bank,87
1/19/2017,NAVY FEDERAL CREDIT UNION,69
1/19/2017,Citibank®,61
1/19/2017,KeyBank,59
1/19/2017,PNC BANK,56
1/19/2017,RBFCU,47
1/19/2017,USAA Federal Savings Bank,44
1/19/2017,Citibank,31
1/19/2017,Regions Bank,28
1/19/2017,TD Bank,26
1/19/2017,People's United Bank,24
1/20/2017,Bank of America,498
1/20/2017,Chase,487
1/20/2017,Wells Fargo Bank,393
1/20/2017,American Express,138
1/20/2017,listing below.  There is no,138
1/20/2017,Capital One,107
1/20/2017,U.S. Bank,87
1/20/2017,NAVY FEDERAL CREDIT UNION,54
1/20/2017,PNC BANK,49
1/20/2017,USAA Federal Savings Bank,48
1/20/2017,Citi\u00AE,47
1/20/2017,Regions Bank,35
1/20/2017,Citibank®,33
1/20/2017,TD Bank,32
1/20/2017,Citibank,29
1/20/2017,SunTrust,26
1/20/2017,State Employees' Credit Union,15
1/20/2017,Fifth Third Bank,13
1/20/2017,BRANCH BANKING and TRUST CO,13
1/20/2017,USAA SAVINGS BANK,11
1/21/2017,Chase,530
1/21/2017,Bank of America,530
1/21/2017,Wells Fargo Bank,346
1/21/2017,American Express,170
1/21/2017,listing below.  There is no,157
1/21/2017,Capital One,139
1/21/2017,PNC BANK,88
1/21/2017,U.S. Bank,82
1/21/2017,Citi\u00AE,62
1/21/2017,NAVY FEDERAL CREDIT UNION,58
1/21/2017,USAA Federal Savings Bank,49
1/21/2017,Citibank®,46
1/21/2017,TD Bank,33
1/21/2017,Regions Bank,32
1/21/2017,Citibank,32
1/21/2017,Fifth Third Bank,24
1/21/2017,SunTrust,21
1/21/2017,BRANCH BANKING and TRUST CO,14
1/21/2017,USAA SAVINGS BANK,14
1/21/2017,Elan Financial Services Fidelity,13
1/22/2017,Chase,472
1/22/2017,Bank of America,415
1/22/2017,Wells Fargo Bank,247
1/22/2017,American Express,144
1/22/2017,listing below.  There is no,120
1/22/2017,Capital One,111
1/22/2017,PNC BANK,73
1/22/2017,NAVY FEDERAL CREDIT UNION,66
1/22/2017,U.S. Bank,62
1/22/2017,Citi\u00AE,52
1/22/2017,USAA Federal Savings Bank,39
1/22/2017,TD Bank,28
1/22/2017,Citibank®,28
1/22/2017,Citibank,22
1/22/2017,Regions Bank,20
1/22/2017,SunTrust,17
1/22/2017,Fifth Third Bank,15
1/22/2017,BRANCH BANKING and TRUST CO,12
1/22/2017,KeyBank,9
1/22/2017,Elan Financial Services Fidelity,8
1/23/2017,Bank of America,557
1/23/2017,Chase,532
1/23/2017,Wells Fargo Bank,374
1/23/2017,Capital One,266
1/23/2017,American Express,144
1/23/2017,listing below.  There is no,137
1/23/2017,U.S. Bank,102
1/23/2017,Citi\u00AE,72
1/23/2017,NAVY FEDERAL CREDIT UNION,64
1/23/2017,Fifth Third Bank,61
1/23/2017,PNC BANK,55
1/23/2017,SunTrust,49
1/23/2017,Citibank®,47
1/23/2017,KeyBank,40
1/23/2017,USAA Federal Savings Bank,38
1/23/2017,Regions Bank,24
1/23/2017,Citibank,24
1/23/2017,Elan Financial Services Fidelity,21
1/23/2017,TD Bank,21
1/23/2017,BRANCH BANKING and TRUST CO,16
1/24/2017,Bank of America,438
1/24/2017,Chase,416
1/24/2017,Wells Fargo Bank,226
1/24/2017,Capital One,140
1/24/2017,American Express,125
1/24/2017,listing below.  There is no,100
1/24/2017,U.S. Bank,74
1/24/2017,NAVY FEDERAL CREDIT UNION,55
1/24/2017,PNC BANK,52
1/24/2017,Citi\u00AE,41
1/24/2017,USAA Federal Savings Bank,36
1/24/2017,Citibank®,32
1/24/2017,TD Bank,28
1/24/2017,Citibank,26
1/24/2017,Regions Bank,21
1/24/2017,SunTrust,17
1/24/2017,Fifth Third Bank,13
1/24/2017,BRANCH BANKING and TRUST CO,13
1/24/2017,USAA SAVINGS BANK,10
1/24/2017,Elan Financial Services Fidelity,8
1/25/2017,Bank of America,404
1/25/2017,Chase,385
1/25/2017,Wells Fargo Bank,201
1/25/2017,Capital One,149
1/25/2017,American Express,126
1/25/2017,listing below.  There is no,118
1/25/2017,U.S. Bank,68
1/25/2017,Citi\u00AE,62
1/25/2017,PNC BANK,44
1/25/2017,NAVY FEDERAL CREDIT UNION,41
1/25/2017,SunTrust,32
1/25/2017,USAA Federal Savings Bank,31
1/25/2017,TD Bank,31
1/25/2017,Citibank®,27
1/25/2017,Fifth Third Bank,26
1/25/2017,Regions Bank,25
1/25/2017,Citibank,23
1/25/2017,KeyBank,21
1/25/2017,Security Service Federal Credit Union,10
1/25/2017,Elan Financial Services Fidelity,9
1/26/2017,Wells Fargo Bank,494
1/26/2017,Chase,355
1/26/2017,Bank of America,335
1/26/2017,listing below.  There is no,103
1/26/2017,American Express,96
1/26/2017,Capital One,95
1/26/2017,NAVY FEDERAL CREDIT UNION,67
1/26/2017,U.S. Bank,48
1/26/2017,PNC BANK,47
1/26/2017,Citi\u00AE,41
1/26/2017,USAA Federal Savings Bank,38
1/26/2017,Citibank®,28
1/26/2017,TD Bank,27
1/26/2017,Citibank,17
1/26/2017,SunTrust,16
1/26/2017,Regions Bank,15
1/26/2017,BRANCH BANKING and TRUST CO,14
1/26/2017,USAA SAVINGS BANK,11
1/26/2017,Fifth Third Bank,9
1/26/2017,COMPASS BANK,8
1/27/2017,Bank of America,571
1/27/2017,Chase,565
1/27/2017,Wells Fargo Bank,314
1/27/2017,American Express,161
1/27/2017,listing below.  There is no,154
1/27/2017,Capital One,144
1/27/2017,U.S. Bank,94
1/27/2017,NAVY FEDERAL CREDIT UNION,73
1/27/2017,Citi\u00AE,66
1/27/2017,PNC BANK,62
1/27/2017,USAA Federal Savings Bank,44
1/27/2017,Citibank®,37
1/27/2017,Regions Bank,37
1/27/2017,TD Bank,28
1/27/2017,Citibank,25
1/27/2017,Fifth Third Bank,23
1/27/2017,SunTrust,21
1/27/2017,BRANCH BANKING and TRUST CO,17
1/27/2017,"Chase Bank USA, N.A.",14
1/27/2017,Elan Financial Services Fidelity,12
1/28/2017,Wells Fargo Bank,571
1/28/2017,Bank of America,517
1/28/2017,Chase,496
1/28/2017,listing below.  There is no,134
1/28/2017,American Express,130
1/28/2017,Capital One,122
1/28/2017,U.S. Bank,98
1/28/2017,NAVY FEDERAL CREDIT UNION,62
1/28/2017,PNC BANK,57
1/28/2017,Citi\u00AE,54
1/28/2017,USAA Federal Savings Bank,44
1/28/2017,Citibank®,38
1/28/2017,TD Bank,35
1/28/2017,Citibank,25
1/28/2017,Regions Bank,22
1/28/2017,SunTrust,17
1/28/2017,Fifth Third Bank,17
1/28/2017,BRANCH BANKING and TRUST CO,16
1/28/2017,Elan Financial Services Fidelity,16
1/28/2017,TCF NATIONAL BANK,11
1/29/2017,Chase,495
1/29/2017,Bank of America,403
1/29/2017,Wells Fargo Bank,268
1/29/2017,American Express,140
1/29/2017,listing below.  There is no,138
1/29/2017,Capital One,111
1/29/2017,U.S. Bank,92
1/29/2017,NAVY FEDERAL CREDIT UNION,64
1/29/2017,PNC BANK,61
1/29/2017,Citi\u00AE,53
1/29/2017,Citibank,36
1/29/2017,USAA Federal Savings Bank,29
1/29/2017,Citibank®,28
1/29/2017,Regions Bank,25
1/29/2017,TD Bank,22
1/29/2017,Elan Financial Services Fidelity,14
1/29/2017,BRANCH BANKING and TRUST CO,14
1/29/2017,USAA SAVINGS BANK,13
1/29/2017,SunTrust,12
1/29/2017,Fifth Third Bank,11
1/30/2017,Bank of America,558
1/30/2017,Chase,487
1/30/2017,Wells Fargo Bank,348
1/30/2017,American Express,159
1/30/2017,Capital One,154
1/30/2017,listing below.  There is no,133
1/30/2017,U.S. Bank,66
1/30/2017,Citi\u00AE,61
1/30/2017,PNC BANK,57
1/30/2017,NAVY FEDERAL CREDIT UNION,56
1/30/2017,Citibank®,39
1/30/2017,TD Bank,36
1/30/2017,USAA Federal Savings Bank,34
1/30/2017,Citibank,26
1/30/2017,SunTrust,24
1/30/2017,Regions Bank,21
1/30/2017,BRANCH BANKING and TRUST CO,21
1/30/2017,Fifth Third Bank,13
1/30/2017,USAA SAVINGS BANK,11
1/30/2017,TCF NATIONAL BANK,11
1/31/2017,Bank of America,569
1/31/2017,Chase,512
1/31/2017,Capital One,328
1/31/2017,Wells Fargo Bank,255
1/31/2017,American Express,136
1/31/2017,listing below.  There is no,132
1/31/2017,U.S. Bank,96
1/31/2017,SunTrust,81
1/31/2017,Fifth Third Bank,77
1/31/2017,Citi\u00AE,75
1/31/2017,NAVY FEDERAL CREDIT UNION,65
1/31/2017,PNC BANK,58
1/31/2017,Citibank®,53
1/31/2017,KeyBank,47
1/31/2017,USAA Federal Savings Bank,43
1/31/2017,Citibank,31
1/31/2017,TD Bank,30
1/31/2017,RBFCU,30
1/31/2017,Regions Bank,22
1/31/2017,Security Service Federal Credit Union,21
2/1/2017,Bank of America,598
2/1/2017,Chase,557
2/1/2017,Wells Fargo Bank,507
2/1/2017,Capital One,246
2/1/2017,American Express,181
2/1/2017,listing below.  There is no,128
2/1/2017,U.S. Bank,105
2/1/2017,Citi\u00AE,85
2/1/2017,SunTrust,75
2/1/2017,Fifth Third Bank,67
2/1/2017,NAVY FEDERAL CREDIT UNION,67
2/1/2017,PNC BANK,61
2/1/2017,USAA Federal Savings Bank,55
2/1/2017,Citibank®,44
2/1/2017,TD Bank,35
2/1/2017,KeyBank,33
2/1/2017,Regions Bank,30
2/1/2017,Citibank,23
2/1/2017,RBFCU,19
2/1/2017,BRANCH BANKING and TRUST CO,18
2/2/2017,Bank of America,595
2/2/2017,Chase,522
2/2/2017,Wells Fargo Bank,429
2/2/2017,American Express,182
2/2/2017,Capital One,179
2/2/2017,listing below.  There is no,152
2/2/2017,U.S. Bank,90
2/2/2017,PNC BANK,67
2/2/2017,Citi\u00AE,62
2/2/2017,NAVY FEDERAL CREDIT UNION,51
2/2/2017,USAA Federal Savings Bank,40
2/2/2017,Citibank®,36
2/2/2017,TD Bank,35
2/2/2017,Regions Bank,32
2/2/2017,SunTrust,31
2/2/2017,Fifth Third Bank,28
2/2/2017,Citibank,28
2/2/2017,BRANCH BANKING and TRUST CO,18
2/2/2017,State Employees' Credit Union,13
2/2/2017,KeyBank,12
2/3/2017,Bank of America,629
2/3/2017,Chase,534
2/3/2017,Wells Fargo Bank,399
2/3/2017,American Express,158
2/3/2017,listing below.  There is no,148
2/3/2017,Capital One,125
2/3/2017,U.S. Bank,80
2/3/2017,PNC BANK,64
2/3/2017,NAVY FEDERAL CREDIT UNION,49
2/3/2017,Citi\u00AE,47
2/3/2017,USAA Federal Savings Bank,36
2/3/2017,Regions Bank,32
2/3/2017,Citibank®,31
2/3/2017,Citibank,25
2/3/2017,TD Bank,24
2/3/2017,Fifth Third Bank,21
2/3/2017,"Chase Bank USA, N.A.",19
2/3/2017,SunTrust,16
2/3/2017,BRANCH BANKING and TRUST CO,14
2/3/2017,USAA SAVINGS BANK,12
2/4/2017,Bank of America,525
2/4/2017,Chase,492
2/4/2017,Wells Fargo Bank,331
2/4/2017,listing below.  There is no,145
2/4/2017,American Express,130
2/4/2017,Capital One,124
2/4/2017,U.S. Bank,78
2/4/2017,PNC BANK,67
2/4/2017,NAVY FEDERAL CREDIT UNION,63
2/4/2017,Citi\u00AE,58
2/4/2017,USAA Federal Savings Bank,49
2/4/2017,Regions Bank,39
2/4/2017,Citibank®,38
2/4/2017,Citibank,32
2/4/2017,TD Bank,26
2/4/2017,SunTrust,17
2/4/2017,Fifth Third Bank,16
2/4/2017,BRANCH BANKING and TRUST CO,15
2/4/2017,Elan Financial Services Fidelity,13
2/4/2017,USAA SAVINGS BANK,11
2/5/2017,Bank of America,419
2/5/2017,Chase,399
2/5/2017,Wells Fargo Bank,218
2/5/2017,American Express,132
2/5/2017,listing below.  There is no,122
2/5/2017,Capital One,97
2/5/2017,U.S. Bank,70
2/5/2017,Citi\u00AE,54
2/5/2017,NAVY FEDERAL CREDIT UNION,50
2/5/2017,PNC BANK,47
2/5/2017,Citibank®,28
2/5/2017,Regions Bank,27
2/5/2017,TD Bank,26
2/5/2017,USAA Federal Savings Bank,25
2/5/2017,Citibank,23
2/5/2017,SunTrust,17
2/5/2017,Fifth Third Bank,15
2/5/2017,"Chase Bank USA, N.A.",11
2/5/2017,BRANCH BANKING and TRUST CO,10
2/5/2017,State Employees' Credit Union,9
2/6/2017,Bank of America,558
2/6/2017,Chase,514
2/6/2017,Wells Fargo Bank,376
2/6/2017,Capital One,271
2/6/2017,American Express,156
2/6/2017,listing below.  There is no,142
2/6/2017,Citi\u00AE,79
2/6/2017,U.S. Bank,78
2/6/2017,SunTrust,69
2/6/2017,NAVY FEDERAL CREDIT UNION,68
2/6/2017,Fifth Third Bank,58
2/6/2017,USAA Federal Savings Bank,57
2/6/2017,Citibank®,48
2/6/2017,KeyBank,42
2/6/2017,PNC BANK,40
2/6/2017,TD Bank,29
2/6/2017,Citibank,29
2/6/2017,RBFCU,26
2/6/2017,Regions Bank,25
2/6/2017,People's United Bank,15
2/7/2017,Bank of America,575
2/7/2017,Chase,522
2/7/2017,Wells Fargo Bank,320
2/7/2017,Capital One,167
2/7/2017,listing below.  There is no,146
2/7/2017,American Express,124
2/7/2017,U.S. Bank,75
2/7/2017,NAVY FEDERAL CREDIT UNION,70
2/7/2017,PNC BANK,53
2/7/2017,Citi\u00AE,47
2/7/2017,USAA Federal Savings Bank,44
2/7/2017,SunTrust,36
2/7/2017,TD Bank,31
2/7/2017,Citibank®,31
2/7/2017,Fifth Third Bank,30
2/7/2017,Citibank,28
2/7/2017,Regions Bank,25
2/7/2017,KeyBank,20
2/7/2017,BRANCH BANKING and TRUST CO,16
2/7/2017,COMPASS BANK,13
2/8/2017,Bank of America,589
2/8/2017,Chase,469
2/8/2017,Wells Fargo Bank,307
2/8/2017,American Express,178
2/8/2017,Capital One,142
2/8/2017,listing below.  There is no,141
2/8/2017,U.S. Bank,70
2/8/2017,NAVY FEDERAL CREDIT UNION,69
2/8/2017,PNC BANK,64
2/8/2017,Citi\u00AE,53
2/8/2017,USAA Federal Savings Bank,39
2/8/2017,Citibank®,38
2/8/2017,Regions Bank,29
2/8/2017,TD Bank,27
2/8/2017,SunTrust,27
2/8/2017,Citibank,25
2/8/2017,Fifth Third Bank,25
2/8/2017,"Chase Bank USA, N.A.",17
2/8/2017,USAA SAVINGS BANK,17
2/8/2017,Elan Financial Services Fidelity,16
2/9/2017,Bank of America,519
2/9/2017,Chase,496
2/9/2017,Wells Fargo Bank,377
2/9/2017,American Express,160
2/9/2017,listing below.  There is no,148
2/9/2017,Capital One,126
2/9/2017,U.S. Bank,91
2/9/2017,PNC BANK,57
2/9/2017,Citi\u00AE,51
2/9/2017,USAA Federal Savings Bank,48
2/9/2017,NAVY FEDERAL CREDIT UNION,47
2/9/2017,Citibank®,38
2/9/2017,Citibank,34
2/9/2017,TD Bank,29
2/9/2017,Regions Bank,22
2/9/2017,SunTrust,15
2/9/2017,Fifth Third Bank,14
2/9/2017,State Employees' Credit Union,12
2/9/2017,USAA SAVINGS BANK,10
2/9/2017,COMPASS BANK,9
2/10/2017,Bank of America,568
2/10/2017,Chase,557
2/10/2017,Wells Fargo Bank,270
2/10/2017,Capital One,184
2/10/2017,American Express,172
2/10/2017,listing below.  There is no,164
2/10/2017,U.S. Bank,103
2/10/2017,NAVY FEDERAL CREDIT UNION,68
2/10/2017,Citi\u00AE,68
2/10/2017,PNC BANK,61
2/10/2017,SunTrust,42
2/10/2017,USAA Federal Savings Bank,41
2/10/2017,Citibank®,37
2/10/2017,TD Bank,36
2/10/2017,Citibank,35
2/10/2017,Regions Bank,33
2/10/2017,Fifth Third Bank,31
2/10/2017,BRANCH BANKING and TRUST CO,20
2/10/2017,KeyBank,20
2/10/2017,USAA SAVINGS BANK,13
2/11/2017,Wells Fargo Bank,496
2/11/2017,Chase,477
2/11/2017,Bank of America,477
2/11/2017,listing below.  There is no,157
2/11/2017,Capital One,132
2/11/2017,American Express,129
2/11/2017,U.S. Bank,72
2/11/2017,NAVY FEDERAL CREDIT UNION,56
2/11/2017,PNC BANK,52
2/11/2017,Citi\u00AE,49
2/11/2017,USAA Federal Savings Bank,43
2/11/2017,Regions Bank,32
2/11/2017,TD Bank,27
2/11/2017,Citibank®,27
2/11/2017,Citibank,24
2/11/2017,SunTrust,19
2/11/2017,"Chase Bank USA, N.A.",16
2/11/2017,Fifth Third Bank,12
2/11/2017,Golden 1 Credit Union,10
2/11/2017,KeyBank,9
2/12/2017,Chase,451
2/12/2017,Bank of America,415
2/12/2017,Wells Fargo Bank,243
2/12/2017,listing below.  There is no,148
2/12/2017,American Express,131
2/12/2017,Capital One,99
2/12/2017,U.S. Bank,71
2/12/2017,NAVY FEDERAL CREDIT UNION,49
2/12/2017,Citi\u00AE,43
2/12/2017,PNC BANK,40
2/12/2017,Citibank,29
2/12/2017,Regions Bank,26
2/12/2017,USAA Federal Savings Bank,24
2/12/2017,SunTrust,23
2/12/2017,TD Bank,22
2/12/2017,Citibank®,22
2/12/2017,BRANCH BANKING and TRUST CO,16
2/12/2017,Fifth Third Bank,14
2/12/2017,America First Credit Union,9
2/12/2017,COMPASS BANK,8
2/13/2017,Bank of America,508
2/13/2017,Chase,474
2/13/2017,Wells Fargo Bank,344
2/13/2017,American Express,130
2/13/2017,listing below.  There is no,122
2/13/2017,U.S. Bank,92
2/13/2017,Capital One,91
2/13/2017,Citi\u00AE,67
2/13/2017,NAVY FEDERAL CREDIT UNION,60
2/13/2017,PNC BANK,57
2/13/2017,USAA Federal Savings Bank,37
2/13/2017,Regions Bank,32
2/13/2017,TD Bank,32
2/13/2017,Citibank®,30
2/13/2017,Citibank,23
2/13/2017,BRANCH BANKING and TRUST CO,18
2/13/2017,Elan Financial Services Fidelity,18
2/13/2017,Fifth Third Bank,16
2/13/2017,SunTrust,11
2/13/2017,State Employees' Credit Union,10
2/14/2017,Bank of America,478
2/14/2017,Chase,452
2/14/2017,Wells Fargo Bank,316
2/14/2017,listing below.  There is no,121
2/14/2017,American Express,117
2/14/2017,Capital One,88
2/14/2017,U.S. Bank,75
2/14/2017,Citi\u00AE,56
2/14/2017,PNC BANK,49
2/14/2017,NAVY FEDERAL CREDIT UNION,46
2/14/2017,USAA Federal Savings Bank,44
2/14/2017,Citibank®,30
2/14/2017,Citibank,25
2/14/2017,Regions Bank,24
2/14/2017,TD Bank,17
2/14/2017,SunTrust,12
2/14/2017,"Chase Bank USA, N.A.",11
2/14/2017,TCF NATIONAL BANK,11
2/14/2017,Elan Financial Services Fidelity,11
2/14/2017,BRANCH BANKING and TRUST CO,11
2/15/2017,Chase,512
2/15/2017,Bank of America,359
2/15/2017,Wells Fargo Bank,269
2/15/2017,American Express,99
2/15/2017,listing below.  There is no,97
2/15/2017,Capital One,80
2/15/2017,PNC BANK,47
2/15/2017,U.S. Bank,46
2/15/2017,NAVY FEDERAL CREDIT UNION,41
2/15/2017,Citi\u00AE,29
2/15/2017,USAA Federal Savings Bank,28
2/15/2017,Citibank,26
2/15/2017,Citibank®,24
2/15/2017,TD Bank,17
2/15/2017,Regions Bank,13
2/15/2017,USAA SAVINGS BANK,11
2/15/2017,COMPASS BANK,10
2/15/2017,SunTrust,9
2/15/2017,BRANCH BANKING and TRUST CO,8
2/15/2017,Golden 1 Credit Union,8
2/16/2017,Bank of America,568
2/16/2017,Chase,555
2/16/2017,Wells Fargo Bank,398
2/16/2017,Capital One,394
2/16/2017,Citibank,167
2/16/2017,American Express,127
2/16/2017,listing below.  There is no,116
2/16/2017,SunTrust,104
2/16/2017,Fifth Third Bank,102
2/16/2017,U.S. Bank,100
2/16/2017,KeyBank,57
2/16/2017,Navy Federal Credit Union,56
2/16/2017,PNC BANK,51
2/16/2017,USAA Federal Savings Bank,43
2/16/2017,Rockford Bell Credit Union,37
2/16/2017,Regions Bank,33
2/16/2017,Security Service Federal Credit Union,23
2/16/2017,Associated Bank,23
2/16/2017,TD Bank,18
2/16/2017,Elan Financial Services Fidelity,15
2/17/2017,Bank of America,553
2/17/2017,Chase,535
2/17/2017,Wells Fargo Bank,394
2/17/2017,listing below.  There is no,151
2/17/2017,American Express,148
2/17/2017,Citibank,138
2/17/2017,Capital One,137
2/17/2017,U.S. Bank,92
2/17/2017,Navy Federal Credit Union,65
2/17/2017,USAA Federal Savings Bank,60
2/17/2017,PNC BANK,53
2/17/2017,Regions Bank,33
2/17/2017,TD Bank,27
2/17/2017,SunTrust,16
2/17/2017,"Chase Bank USA, N.A.",15
2/17/2017,KeyBank,13
2/17/2017,TFC Bank,11
2/17/2017,Fifth Third Bank,9
2/17/2017,BBVA Compass,7
2/17/2017,Elan Financial Services Fidelity,7
2/18/2017,Chase,601
2/18/2017,Bank of America,533
2/18/2017,Wells Fargo Bank,376
2/18/2017,listing below.  There is no,193
2/18/2017,American Express,185
2/18/2017,Capital One,158
2/18/2017,Citibank,144
2/18/2017,U.S. Bank,86
2/18/2017,PNC BANK,77
2/18/2017,Navy Federal Credit Union,65
2/18/2017,USAA Federal Savings Bank,53
2/18/2017,SunTrust,38
2/18/2017,TD Bank,34
2/18/2017,Regions Bank,22
2/18/2017,Fifth Third Bank,22
2/18/2017,BB&T Bank,19
2/18/2017,BBVA Compass,18
2/18/2017,"Chase Bank USA, N.A.",11
2/18/2017,Elan Financial Services Fidelity,10
2/18/2017,America First Credit Union,9
2/19/2017,Chase,558
2/19/2017,Bank of America,490
2/19/2017,Wells Fargo Bank,276
2/19/2017,American Express,175
2/19/2017,listing below.  There is no,159
2/19/2017,Capital One,158
2/19/2017,Citibank,121
2/19/2017,U.S. Bank,89
2/19/2017,PNC BANK,66
2/19/2017,Navy Federal Credit Union,57
2/19/2017,USAA Federal Savings Bank,50
2/19/2017,TD Bank,37
2/19/2017,SunTrust,23
2/19/2017,BB&T Bank,22
2/19/2017,Regions Bank,20
2/19/2017,BBVA Compass,14
2/19/2017,State Employees Credit Union,14
2/19/2017,"PNC Bank, N.A.",13
2/19/2017,KeyBank,11
2/19/2017,Elan Financial Services Fidelity,11
2/20/2017,Chase,720
2/20/2017,Bank of America,533
2/20/2017,Wells Fargo Bank,424
2/20/2017,listing below.  There is no,188
2/20/2017,American Express,179
2/20/2017,Capital One,161
2/20/2017,Citibank,154
2/20/2017,U.S. Bank,91
2/20/2017,PNC BANK,80
2/20/2017,Navy Federal Credit Union,68
2/20/2017,USAA Federal Savings Bank,60
2/20/2017,Regions Bank,41
2/20/2017,TD Bank,39
2/20/2017,SunTrust,22
2/20/2017,Elan Financial Services Fidelity,17
2/20/2017,"Chase Bank USA, N.A.",15
2/20/2017,TFC Bank,12
2/20/2017,Fifth Third Bank,10
2/20/2017,KeyBank,10
2/20/2017,State Employees Credit Union,10
2/21/2017,Chase,876
2/21/2017,Bank of America,670
2/21/2017,Wells Fargo Bank,362
2/21/2017,American Express,222
2/21/2017,listing below.  There is no,195
2/21/2017,Capital One,146
2/21/2017,Citibank,143
2/21/2017,U.S. Bank,116
2/21/2017,Navy Federal Credit Union,95
2/21/2017,PNC BANK,68
2/21/2017,USAA Federal Savings Bank,67
2/21/2017,TD Bank,46
2/21/2017,Regions Bank,32
2/21/2017,SunTrust,30
2/21/2017,BB&T Bank,26
2/21/2017,BBVA Compass,16
2/21/2017,Elan Financial Services Fidelity,15
2/21/2017,Fifth Third Bank,14
2/21/2017,TFC Bank,13
2/21/2017,Golden 1 Credit Union,10
2/22/2017,Chase,868
2/22/2017,Bank of America,750
2/22/2017,Wells Fargo Bank,665
2/22/2017,American Express,243
2/22/2017,listing below.  There is no,198
2/22/2017,Capital One,178
2/22/2017,Citibank,178
2/22/2017,U.S. Bank,123
2/22/2017,Navy Federal Credit Union,112
2/22/2017,PNC BANK,85
2/22/2017,USAA Federal Savings Bank,59
2/22/2017,TD Bank,45
2/22/2017,SunTrust,35
2/22/2017,Regions Bank,33
2/22/2017,BB&T Bank,22
2/22/2017,TFC Bank,19
2/22/2017,Fifth Third Bank,18
2/22/2017,State Employees Credit Union,17
2/22/2017,Elan Financial Services Fidelity,16
2/22/2017,America First Credit Union,14
2/23/2017,Chase,995
2/23/2017,Bank of America,726
2/23/2017,Wells Fargo Bank,631
2/23/2017,American Express,266
2/23/2017,Capital One,252
2/23/2017,listing below.  There is no,245
2/23/2017,Citibank,211
2/23/2017,U.S. Bank,153
2/23/2017,Navy Federal Credit Union,130
2/23/2017,PNC BANK,110
2/23/2017,USAA Federal Savings Bank,106
2/23/2017,TD Bank,55
2/23/2017,Regions Bank,42
2/23/2017,SunTrust,42
2/23/2017,BB&T Bank,28
2/23/2017,Fifth Third Bank,24
2/23/2017,TFC Bank,24
2/23/2017,"Chase Bank USA, N.A.",17
2/23/2017,Elan Financial Services Fidelity,17
2/23/2017,State Employees Credit Union,16
2/24/2017,Chase,923
2/24/2017,Bank of America,918
2/24/2017,Wells Fargo Bank,643
2/24/2017,Capital One,526
2/24/2017,American Express,275
2/24/2017,Citibank,271
2/24/2017,listing below.  There is no,257
2/24/2017,U.S. Bank,158
2/24/2017,Navy Federal Credit Union,132
2/24/2017,Fifth Third Bank,127
2/24/2017,SunTrust,113
2/24/2017,PNC BANK,92
2/24/2017,USAA Federal Savings Bank,75
2/24/2017,KeyBank,71
2/24/2017,Rockford Bell Credit Union,59
2/24/2017,TD Bank,55
2/24/2017,Regions Bank,42
2/24/2017,BB&T Bank,31
2/24/2017,Security Service Federal Credit Union,29
2/24/2017,Elan Financial Services Fidelity,28
2/25/2017,Chase,985
2/25/2017,Bank of America,767
2/25/2017,Wells Fargo Bank,599
2/25/2017,American Express,283
2/25/2017,listing below.  There is no,265
2/25/2017,Capital One,226
2/25/2017,Citibank,215
2/25/2017,U.S. Bank,129
2/25/2017,Navy Federal Credit Union,122
2/25/2017,PNC BANK,119
2/25/2017,USAA Federal Savings Bank,75
2/25/2017,TD Bank,74
2/25/2017,Regions Bank,47
2/25/2017,SunTrust,34
2/25/2017,BB&T Bank,31
2/25/2017,Fifth Third Bank,26
2/25/2017,Elan Financial Services Fidelity,22
2/25/2017,TFC Bank,21
2/25/2017,"Chase Bank USA, N.A.",19
2/25/2017,State Employees Credit Union,17
2/26/2017,Chase,921
2/26/2017,Bank of America,705
2/26/2017,Wells Fargo Bank,424
2/26/2017,listing below.  There is no,243
2/26/2017,American Express,230
2/26/2017,Citibank,193
2/26/2017,Capital One,185
2/26/2017,U.S. Bank,124
2/26/2017,Navy Federal Credit Union,112
2/26/2017,PNC BANK,81
2/26/2017,USAA Federal Savings Bank,62
2/26/2017,TD Bank,50
2/26/2017,Regions Bank,42
2/26/2017,SunTrust,27
2/26/2017,Fifth Third Bank,22
2/26/2017,BB&T Bank,19
2/26/2017,KeyBank,17
2/26/2017,BBVA Compass,16
2/26/2017,TFC Bank,16
2/26/2017,Elan Financial Services Fidelity,15
2/27/2017,Chase,987
2/27/2017,Bank of America,850
2/27/2017,Wells Fargo Bank,600
2/27/2017,American Express,263
2/27/2017,listing below.  There is no,261
2/27/2017,Capital One,217
2/27/2017,Citibank,206
2/27/2017,U.S. Bank,128
2/27/2017,Navy Federal Credit Union,105
2/27/2017,PNC BANK,100
2/27/2017,USAA Federal Savings Bank,74
2/27/2017,TD Bank,65
2/27/2017,Regions Bank,59
2/27/2017,BB&T Bank,27
2/27/2017,SunTrust,26
2/27/2017,Elan Financial Services Fidelity,22
2/27/2017,KeyBank,19
2/27/2017,TFC Bank,19
2/27/2017,State Employees Credit Union,18
2/27/2017,Fifth Third Bank,18
2/28/2017,Chase,977
2/28/2017,Bank of America,968
2/28/2017,Wells Fargo Bank,491
2/28/2017,listing below.  There is no,280
2/28/2017,American Express,273
2/28/2017,Capital One,219
2/28/2017,Citibank,189
2/28/2017,U.S. Bank,142
2/28/2017,PNC BANK,126
2/28/2017,Navy Federal Credit Union,123
2/28/2017,USAA Federal Savings Bank,78
2/28/2017,TD Bank,56
2/28/2017,Regions Bank,47
2/28/2017,SunTrust,36
2/28/2017,BB&T Bank,27
2/28/2017,State Employees Credit Union,23
2/28/2017,Fifth Third Bank,22
2/28/2017,TFC Bank,18
2/28/2017,BBVA Compass,17
2/28/2017,America First Credit Union,14
3/1/2017,Chase,942
3/1/2017,Bank of America,920
3/1/2017,Wells Fargo Bank,757
3/1/2017,Capital One,430
3/1/2017,American Express,312
3/1/2017,Citibank,251
3/1/2017,listing below.  There is no,236
3/1/2017,U.S. Bank,142
3/1/2017,SunTrust,130
3/1/2017,Fifth Third Bank,128
3/1/2017,PNC BANK,125
3/1/2017,Navy Federal Credit Union,106
3/1/2017,USAA Federal Savings Bank,82
3/1/2017,KeyBank,67
3/1/2017,TD Bank,55
3/1/2017,Rockford Bell Credit Union,48
3/1/2017,Regions Bank,47
3/1/2017,Security Service Federal Credit Union,26
3/1/2017,BMO Harris Bank,25
3/1/2017,Associated Bank,25
3/2/2017,Chase,758
3/2/2017,Bank of America,727
3/2/2017,Wells Fargo Bank,407
3/2/2017,listing below.  There is no,221
3/2/2017,American Express,193
3/2/2017,Capital One,192
3/2/2017,Citibank,167
3/2/2017,Navy Federal Credit Union,105
3/2/2017,U.S. Bank,98
3/2/2017,PNC BANK,86
3/2/2017,USAA Federal Savings Bank,72
3/2/2017,TD Bank,48
3/2/2017,Regions Bank,40
3/2/2017,Fifth Third Bank,25
3/2/2017,SunTrust,23
3/2/2017,State Employees Credit Union,19
3/2/2017,BB&T Bank,18
3/2/2017,Elan Financial Services Fidelity,16
3/2/2017,America First Credit Union,14
3/2/2017,BBVA Compass,13
3/3/2017,Chase,797
3/3/2017,Bank of America,788
3/3/2017,Wells Fargo Bank,620
3/3/2017,American Express,239
3/3/2017,listing below.  There is no,221
3/3/2017,Capital One,185
3/3/2017,Citibank,162
3/3/2017,PNC BANK,116
3/3/2017,U.S. Bank,109
3/3/2017,Navy Federal Credit Union,103
3/3/2017,USAA Federal Savings Bank,53
3/3/2017,TD Bank,49
3/3/2017,SunTrust,36
3/3/2017,Regions Bank,32
3/3/2017,Fifth Third Bank,24
3/3/2017,BB&T Bank,23
3/3/2017,State Employees Credit Union,20
3/3/2017,TFC Bank,16
3/3/2017,America First Credit Union,13
3/3/2017,"Chase Bank USA, N.A.",13
3/4/2017,Chase,728
3/4/2017,Bank of America,657
3/4/2017,Wells Fargo Bank,440
3/4/2017,listing below.  There is no,213
3/4/2017,American Express,198
3/4/2017,Capital One,176
3/4/2017,Citibank,164
3/4/2017,U.S. Bank,108
3/4/2017,PNC BANK,96
3/4/2017,Navy Federal Credit Union,96
3/4/2017,USAA Federal Savings Bank,61
3/4/2017,TD Bank,54
3/4/2017,Regions Bank,30
3/4/2017,SunTrust,25
3/4/2017,Fifth Third Bank,25
3/4/2017,BB&T Bank,22
3/4/2017,TFC Bank,15
3/4/2017,"Chase Bank USA, N.A.",14
3/4/2017,State Employees Credit Union,14
3/4/2017,Elan Financial Services Fidelity,13
3/5/2017,Chase,657
3/5/2017,Bank of America,574
3/5/2017,Wells Fargo Bank,357
3/5/2017,listing below.  There is no,218
3/5/2017,American Express,197
3/5/2017,Citibank,156
3/5/2017,Capital One,154
3/5/2017,U.S. Bank,94
3/5/2017,Navy Federal Credit Union,86
3/5/2017,PNC BANK,75
3/5/2017,USAA Federal Savings Bank,67
3/5/2017,Regions Bank,37
3/5/2017,TD Bank,35
3/5/2017,SunTrust,32
3/5/2017,BB&T Bank,23
3/5/2017,"Chase Bank USA, N.A.",17
3/5/2017,Fifth Third Bank,14
3/5/2017,"PNC Bank, N.A.",13
3/5/2017,Elan Financial Services Fidelity,13
3/5/2017,BBVA Compass,12
3/6/2017,Chase,740
3/6/2017,Bank of America,701
3/6/2017,Wells Fargo Bank,463
3/6/2017,American Express,204
3/6/2017,listing below.  There is no,199
3/6/2017,Citibank,171
3/6/2017,Capital One,151
3/6/2017,U.S. Bank,119
3/6/2017,Navy Federal Credit Union,91
3/6/2017,PNC BANK,72
3/6/2017,USAA Federal Savings Bank,57
3/6/2017,TD Bank,49
3/6/2017,Regions Bank,28
3/6/2017,Fifth Third Bank,23
3/6/2017,State Employees Credit Union,20
3/6/2017,BB&T Bank,19
3/6/2017,"Chase Bank USA, N.A.",17
3/6/2017,SunTrust,13
3/6/2017,TFC Bank,11
3/6/2017,Elan Financial Services Fidelity,11
3/7/2017,Chase,761
3/7/2017,Bank of America,692
3/7/2017,Wells Fargo Bank,497
3/7/2017,American Express,240
3/7/2017,listing below.  There is no,234
3/7/2017,Citibank,165
3/7/2017,Capital One,161
3/7/2017,U.S. Bank,107
3/7/2017,PNC BANK,88
3/7/2017,Navy Federal Credit Union,87
3/7/2017,USAA Federal Savings Bank,60
3/7/2017,TD Bank,58
3/7/2017,Regions Bank,35
3/7/2017,SunTrust,23
3/7/2017,BB&T Bank,23
3/7/2017,Fifth Third Bank,18
3/7/2017,State Employees Credit Union,17
3/7/2017,"PNC Bank, N.A.",12
3/7/2017,KeyBank,11
3/7/2017,America First Credit Union,11
3/8/2017,Chase,693
3/8/2017,Bank of America,610
3/8/2017,Wells Fargo Bank,478
3/8/2017,American Express,210
3/8/2017,listing below.  There is no,206
3/8/2017,Capital One,160
3/8/2017,Citibank,157
3/8/2017,U.S. Bank,117
3/8/2017,Navy Federal Credit Union,78
3/8/2017,USAA Federal Savings Bank,71
3/8/2017,PNC BANK,68
3/8/2017,TD Bank,49
3/8/2017,Regions Bank,37
3/8/2017,SunTrust,23
3/8/2017,"PNC Bank, N.A.",20
3/8/2017,BB&T Bank,14
3/8/2017,Elan Financial Services Fidelity,14
3/8/2017,State Employees Credit Union,13
3/8/2017,Fifth Third Bank,12
3/8/2017,KeyBank,11
3/9/2017,Chase,673
3/9/2017,Bank of America,647
3/9/2017,Wells Fargo Bank,465
3/9/2017,listing below.  There is no,204
3/9/2017,American Express,175
3/9/2017,Capital One,137
3/9/2017,Citibank,130
3/9/2017,U.S. Bank,95
3/9/2017,PNC BANK,74
3/9/2017,Navy Federal Credit Union,73
3/9/2017,USAA Federal Savings Bank,59
3/9/2017,TD Bank,38
3/9/2017,Regions Bank,30
3/9/2017,BB&T Bank,24
3/9/2017,Fifth Third Bank,21
3/9/2017,SunTrust,19
3/9/2017,"PNC Bank, N.A.",14
3/9/2017,Elan Financial Services Fidelity,13
3/9/2017,KeyBank,12
3/9/2017,TFC Bank,12
3/10/2017,Bank of America,559
3/10/2017,Chase,549
3/10/2017,Wells Fargo Bank,354
3/10/2017,American Express,169
3/10/2017,Capital One,162
3/10/2017,listing below.  There is no,161
3/10/2017,Citibank,124
3/10/2017,U.S. Bank,95
3/10/2017,Navy Federal Credit Union,73
3/10/2017,PNC BANK,50
3/10/2017,USAA Federal Savings Bank,47
3/10/2017,TD Bank,30
3/10/2017,BB&T Bank,29
3/10/2017,Regions Bank,26
3/10/2017,Fifth Third Bank,15
3/10/2017,SunTrust,14
3/10/2017,"Chase Bank USA, N.A.",10
3/10/2017,"PNC Bank, N.A.",9
3/10/2017,TFC Bank,9
3/10/2017,Elan Financial Services Fidelity,9
3/11/2017,Chase,576
3/11/2017,Bank of America,484
3/11/2017,Wells Fargo Bank,361
3/11/2017,listing below.  There is no,171
3/11/2017,Capital One,134
3/11/2017,American Express,126
3/11/2017,Citibank,116
3/11/2017,U.S. Bank,92
3/11/2017,Navy Federal Credit Union,79
3/11/2017,USAA Federal Savings Bank,64
3/11/2017,PNC BANK,60
3/11/2017,TD Bank,41
3/11/2017,Regions Bank,30
3/11/2017,BB&T Bank,22
3/11/2017,Fifth Third Bank,19
3/11/2017,TFC Bank,16
3/11/2017,SunTrust,15
3/11/2017,"PNC Bank, N.A.",15
3/11/2017,"Chase Bank USA, N.A.",13
3/11/2017,BBVA Compass,12
3/12/2017,Chase,529
3/12/2017,Bank of America,471
3/12/2017,Wells Fargo Bank,410
3/12/2017,listing below.  There is no,166
3/12/2017,Capital One,160
3/12/2017,American Express,143
3/12/2017,Citibank,117
3/12/2017,U.S. Bank,80
3/12/2017,PNC BANK,69
3/12/2017,Navy Federal Credit Union,63
3/12/2017,USAA Federal Savings Bank,50
3/12/2017,Regions Bank,28
3/12/2017,TD Bank,27
3/12/2017,SunTrust,26
3/12/2017,Fifth Third Bank,24
3/12/2017,BB&T Bank,13
3/12/2017,TFC Bank,12
3/12/2017,KeyBank,10
3/12/2017,BBVA Compass,10
3/12/2017,State Employees Credit Union,10
3/13/2017,Bank of America,570
3/13/2017,Chase,545
3/13/2017,Wells Fargo Bank,299
3/13/2017,listing below.  There is no,171
3/13/2017,American Express,151
3/13/2017,Capital One,129
3/13/2017,Citibank,119
3/13/2017,U.S. Bank,105
3/13/2017,Navy Federal Credit Union,93
3/13/2017,PNC BANK,63
3/13/2017,USAA Federal Savings Bank,47
3/13/2017,Regions Bank,29
3/13/2017,TD Bank,28
3/13/2017,SunTrust,23
3/13/2017,"PNC Bank, N.A.",21
3/13/2017,BB&T Bank,21
3/13/2017,BBVA Compass,20
3/13/2017,Fifth Third Bank,18
3/13/2017,Elan Financial Services Fidelity,11
3/13/2017,State Employees Credit Union,10
3/14/2017,Chase,564
3/14/2017,Bank of America,543
3/14/2017,Wells Fargo Bank,427
3/14/2017,American Express,169
3/14/2017,listing below.  There is no,151
3/14/2017,Capital One,135
3/14/2017,Citibank,116
3/14/2017,U.S. Bank,105
3/14/2017,Navy Federal Credit Union,81
3/14/2017,USAA Federal Savings Bank,71
3/14/2017,PNC BANK,43
3/14/2017,Regions Bank,33
3/14/2017,TD Bank,23
3/14/2017,SunTrust,19
3/14/2017,"PNC Bank, N.A.",15
3/14/2017,BB&T Bank,14
3/14/2017,Fifth Third Bank,13
3/14/2017,State Employees Credit Union,10
3/14/2017,TFC Bank,10
3/14/2017,BBVA Compass,9
3/15/2017,Bank of America,540
3/15/2017,Chase,524
3/15/2017,Wells Fargo Bank,399
3/15/2017,American Express,188
3/15/2017,Capital One,161
3/15/2017,listing below.  There is no,152
3/15/2017,Citibank,128
3/15/2017,U.S. Bank,87
3/15/2017,PNC BANK,75
3/15/2017,Navy Federal Credit Union,68
3/15/2017,USAA Federal Savings Bank,49
3/15/2017,TD Bank,26
3/15/2017,"PNC Bank, N.A.",24
3/15/2017,Regions Bank,22
3/15/2017,SunTrust,19
3/15/2017,BB&T Bank,17
3/15/2017,BBVA Compass,13
3/15/2017,TFC Bank,12
3/15/2017,Fifth Third Bank,10
3/15/2017,"Chase Bank USA, N.A.",10
3/16/2017,Chase,598
3/16/2017,Bank of America,563
3/16/2017,Wells Fargo Bank,305
3/16/2017,listing below.  There is no,174
3/16/2017,Capital One,172
3/16/2017,American Express,161
3/16/2017,Citibank,123
3/16/2017,U.S. Bank,98
3/16/2017,Navy Federal Credit Union,81
3/16/2017,PNC BANK,71
3/16/2017,USAA Federal Savings Bank,58
3/16/2017,Regions Bank,34
3/16/2017,SunTrust,26
3/16/2017,TD Bank,25
3/16/2017,BB&T Bank,24
3/16/2017,Fifth Third Bank,21
3/16/2017,"PNC Bank, N.A.",20
3/16/2017,Elan Financial Services Fidelity,11
3/16/2017,Security Service Federal Credit Union,8
3/16/2017,BBVA Compass,8
3/17/2017,Bank of America,633
3/17/2017,Chase,603
3/17/2017,Wells Fargo Bank,464
3/17/2017,listing below.  There is no,177
3/17/2017,American Express,151
3/17/2017,Capital One,144
3/17/2017,Citibank,138
3/17/2017,U.S. Bank,100
3/17/2017,PNC BANK,62
3/17/2017,Navy Federal Credit Union,56
3/17/2017,USAA Federal Savings Bank,54
3/17/2017,Regions Bank,35
3/17/2017,TD Bank,35
3/17/2017,SunTrust,28
3/17/2017,Elan Financial Services Fidelity,19
3/17/2017,BB&T Bank,18
3/17/2017,Fifth Third Bank,17
3/17/2017,"PNC Bank, N.A.",15
3/17/2017,"Chase Bank USA, N.A.",13
3/17/2017,TFC Bank,13
3/18/2017,Chase,603
3/18/2017,Bank of America,583
3/18/2017,Wells Fargo Bank,310
3/18/2017,listing below.  There is no,200
3/18/2017,Capital One,178
3/18/2017,American Express,170
3/18/2017,Citibank,136
3/18/2017,U.S. Bank,97
3/18/2017,Navy Federal Credit Union,79
3/18/2017,USAA Federal Savings Bank,67
3/18/2017,PNC BANK,58
3/18/2017,TD Bank,46
3/18/2017,Regions Bank,32
3/18/2017,BB&T Bank,20
3/18/2017,SunTrust,19
3/18/2017,Fifth Third Bank,18
3/18/2017,"Chase Bank USA, N.A.",17
3/18/2017,Elan Financial Services Fidelity,17
3/18/2017,"PNC Bank, N.A.",16
3/18/2017,State Employees Credit Union,15
3/19/2017,Chase,541
3/19/2017,Bank of America,491
3/19/2017,Wells Fargo Bank,364
3/19/2017,American Express,172
3/19/2017,listing below.  There is no,171
3/19/2017,Capital One,169
3/19/2017,Citibank,143
3/19/2017,U.S. Bank,90
3/19/2017,Navy Federal Credit Union,70
3/19/2017,PNC BANK,59
3/19/2017,USAA Federal Savings Bank,55
3/19/2017,Regions Bank,31
3/19/2017,TD Bank,31
3/19/2017,BB&T Bank,25
3/19/2017,SunTrust,20
3/19/2017,"Chase Bank USA, N.A.",16
3/19/2017,BBVA Compass,13
3/19/2017,KeyBank,11
3/19/2017,"PNC Bank, N.A.",11
3/19/2017,Fifth Third Bank,10
3/20/2017,Bank of America,675
3/20/2017,Chase,563
3/20/2017,Wells Fargo Bank,374
3/20/2017,listing below.  There is no,183
3/20/2017,American Express,176
3/20/2017,Capital One,151
3/20/2017,Citibank,130
3/20/2017,U.S. Bank,87
3/20/2017,Navy Federal Credit Union,65
3/20/2017,PNC BANK,63
3/20/2017,USAA Federal Savings Bank,42
3/20/2017,TD Bank,33
3/20/2017,Regions Bank,31
3/20/2017,Fifth Third Bank,23
3/20/2017,SunTrust,22
3/20/2017,BBVA Compass,12
3/20/2017,"Chase Bank USA, N.A.",12
3/20/2017,BB&T Bank,12
3/20/2017,"PNC Bank, N.A.",11
3/20/2017,Golden 1 Credit Union,11
3/21/2017,Bank of America,630
3/21/2017,Chase,617
3/21/2017,Wells Fargo Bank,431
3/21/2017,American Express,174
3/21/2017,Capital One,147
3/21/2017,listing below.  There is no,146
3/21/2017,Citibank,126
3/21/2017,U.S. Bank,83
3/21/2017,PNC BANK,61
3/21/2017,Navy Federal Credit Union,59
3/21/2017,USAA Federal Savings Bank,44
3/21/2017,TD Bank,31
3/21/2017,SunTrust,24
3/21/2017,Regions Bank,24
3/21/2017,Fifth Third Bank,18
3/21/2017,Elan Financial Services Fidelity,12
3/21/2017,BB&T Bank,12
3/21/2017,"Chase Bank USA, N.A.",10
3/21/2017,KeyBank,10
3/21/2017,"PNC Bank, N.A.",10
3/22/2017,Bank of America,629
3/22/2017,Chase,591
3/22/2017,Wells Fargo Bank,483
3/22/2017,listing below.  There is no,173
3/22/2017,Capital One,170
3/22/2017,American Express,165
3/22/2017,Citibank,146
3/22/2017,U.S. Bank,103
3/22/2017,Navy Federal Credit Union,70
3/22/2017,PNC BANK,68
3/22/2017,USAA Federal Savings Bank,65
3/22/2017,TD Bank,41
3/22/2017,SunTrust,26
3/22/2017,Regions Bank,25
3/22/2017,"PNC Bank, N.A.",23
3/22/2017,Fifth Third Bank,19
3/22/2017,State Employees Credit Union,17
3/22/2017,TFC Bank,13
3/22/2017,BB&T Bank,13
3/22/2017,America First Credit Union,12
3/23/2017,Bank of America,581
3/23/2017,Chase,569
3/23/2017,Wells Fargo Bank,433
3/23/2017,listing below.  There is no,185
3/23/2017,American Express,167
3/23/2017,Capital One,154
3/23/2017,Citibank,135
3/23/2017,U.S. Bank,81
3/23/2017,PNC BANK,76
3/23/2017,USAA Federal Savings Bank,68
3/23/2017,Navy Federal Credit Union,63
3/23/2017,TD Bank,44
3/23/2017,SunTrust,31
3/23/2017,Regions Bank,27
3/23/2017,"PNC Bank, N.A.",21
3/23/2017,Fifth Third Bank,17
3/23/2017,BB&T Bank,16
3/23/2017,"Chase Bank USA, N.A.",14
3/23/2017,Elan Financial Services Fidelity,14
3/23/2017,State Employees Credit Union,12
3/24/2017,Bank of America,597
3/24/2017,Chase,568
3/24/2017,Wells Fargo Bank,419
3/24/2017,American Express,186
3/24/2017,listing below.  There is no,175
3/24/2017,Capital One,170
3/24/2017,Citibank,137
3/24/2017,U.S. Bank,100
3/24/2017,Navy Federal Credit Union,73
3/24/2017,PNC BANK,61
3/24/2017,USAA Federal Savings Bank,48
3/24/2017,TD Bank,39
3/24/2017,Regions Bank,36
3/24/2017,SunTrust,28
3/24/2017,BB&T Bank,27
3/24/2017,Fifth Third Bank,21
3/24/2017,"PNC Bank, N.A.",12
3/24/2017,BBVA Compass,11
3/24/2017,"Chase Bank USA, N.A.",11
3/24/2017,State Employees Credit Union,10
3/25/2017,Bank of America,625
3/25/2017,Chase,556
3/25/2017,Wells Fargo Bank,305
3/25/2017,listing below.  There is no,148
3/25/2017,Capital One,145
3/25/2017,American Express,145
3/25/2017,Citibank,119
3/25/2017,U.S. Bank,90
3/25/2017,Navy Federal Credit Union,75
3/25/2017,USAA Federal Savings Bank,53
3/25/2017,PNC BANK,50
3/25/2017,TD Bank,32
3/25/2017,Regions Bank,23
3/25/2017,"PNC Bank, N.A.",23
3/25/2017,SunTrust,21
3/25/2017,BB&T Bank,19
3/25/2017,State Employees Credit Union,14
3/25/2017,Fifth Third Bank,11
3/25/2017,TFC Bank,11
3/25/2017,"Chase Bank USA, N.A.",10
3/26/2017,Chase,520
3/26/2017,Bank of America,495
3/26/2017,Wells Fargo Bank,385
3/26/2017,listing below.  There is no,159
3/26/2017,American Express,144
3/26/2017,Capital One,143
3/26/2017,Citibank,104
3/26/2017,U.S. Bank,64
3/26/2017,PNC BANK,48
3/26/2017,Navy Federal Credit Union,42
3/26/2017,USAA Federal Savings Bank,40
3/26/2017,Regions Bank,38
3/26/2017,TD Bank,26
3/26/2017,SunTrust,23
3/26/2017,BB&T Bank,18
3/26/2017,"PNC Bank, N.A.",17
3/26/2017,State Employees Credit Union,14
3/26/2017,Fifth Third Bank,14
3/26/2017,"Chase Bank USA, N.A.",12
3/26/2017,America First Credit Union,11
3/27/2017,Bank of America,598
3/27/2017,Chase,584
3/27/2017,Wells Fargo Bank,422
3/27/2017,American Express,188
3/27/2017,Capital One,184
3/27/2017,listing below.  There is no,178
3/27/2017,Citibank,131
3/27/2017,U.S. Bank,97
3/27/2017,Navy Federal Credit Union,78
3/27/2017,PNC BANK,63
3/27/2017,USAA Federal Savings Bank,55
3/27/2017,TD Bank,32
3/27/2017,Regions Bank,31
3/27/2017,SunTrust,27
3/27/2017,Fifth Third Bank,16
3/27/2017,State Employees Credit Union,15
3/27/2017,"PNC Bank, N.A.",13
3/27/2017,Elan Financial Services Fidelity,11
3/27/2017,Golden 1 Credit Union,9
3/27/2017,BB&T Bank,9
3/28/2017,Chase,653
3/28/2017,Bank of America,611
3/28/2017,Wells Fargo Bank,424
3/28/2017,listing below.  There is no,172
3/28/2017,Capital One,167
3/28/2017,American Express,166
3/28/2017,Citibank,115
3/28/2017,U.S. Bank,93
3/28/2017,PNC BANK,70
3/28/2017,Navy Federal Credit Union,65
3/28/2017,USAA Federal Savings Bank,60
3/28/2017,Regions Bank,43
3/28/2017,TD Bank,41
3/28/2017,SunTrust,21
3/28/2017,Fifth Third Bank,20
3/28/2017,TFC Bank,15
3/28/2017,BB&T Bank,15
3/28/2017,"Chase Bank USA, N.A.",13
3/28/2017,"PNC Bank, N.A.",12
3/28/2017,Elan Financial Services Fidelity,11
3/29/2017,Bank of America,571
3/29/2017,Chase,569
3/29/2017,Wells Fargo Bank,405
3/29/2017,American Express,177
3/29/2017,Capital One,172
3/29/2017,listing below.  There is no,156
3/29/2017,Citibank,117
3/29/2017,U.S. Bank,94
3/29/2017,Navy Federal Credit Union,73
3/29/2017,PNC BANK,63
3/29/2017,USAA Federal Savings Bank,49
3/29/2017,TD Bank,38
3/29/2017,Regions Bank,29
3/29/2017,SunTrust,21
3/29/2017,BB&T Bank,17
3/29/2017,Fifth Third Bank,16
3/29/2017,"PNC Bank, N.A.",13
3/29/2017,KeyBank,10
3/29/2017,State Employees Credit Union,9
3/29/2017,Elan Financial Services Fidelity,9
3/30/2017,Chase,632
3/30/2017,Bank of America,599
3/30/2017,Wells Fargo Bank,395
3/30/2017,American Express,205
3/30/2017,listing below.  There is no,190
3/30/2017,Capital One,177
3/30/2017,Citibank,154
3/30/2017,U.S. Bank,93
3/30/2017,Navy Federal Credit Union,88
3/30/2017,USAA Federal Savings Bank,81
3/30/2017,PNC BANK,67
3/30/2017,TD Bank,35
3/30/2017,BB&T Bank,30
3/30/2017,Regions Bank,27
3/30/2017,"PNC Bank, N.A.",23
3/30/2017,SunTrust,21
3/30/2017,Fifth Third Bank,16
3/30/2017,"Chase Bank USA, N.A.",16
3/30/2017,BBVA Compass,13
3/30/2017,State Employees Credit Union,13
3/31/2017,Bank of America,643
3/31/2017,Chase,540
3/31/2017,Wells Fargo Bank,388
3/31/2017,listing below.  There is no,204
3/31/2017,American Express,196
3/31/2017,Capital One,168
3/31/2017,Citibank,124
3/31/2017,U.S. Bank,111
3/31/2017,Navy Federal Credit Union,72
3/31/2017,PNC BANK,70
3/31/2017,USAA Federal Savings Bank,49
3/31/2017,Regions Bank,36
3/31/2017,TD Bank,27
3/31/2017,SunTrust,25
3/31/2017,"PNC Bank, N.A.",22
3/31/2017,"Chase Bank USA, N.A.",20
3/31/2017,BB&T Bank,19
3/31/2017,Fifth Third Bank,16
3/31/2017,Elan Financial Services Fidelity,16
3/31/2017,BBVA Compass,14
4/1/2017,Chase,640
4/1/2017,Bank of America,591
4/1/2017,Wells Fargo Bank,308
4/1/2017,listing below.  There is no,186
4/1/2017,American Express,171
4/1/2017,Capital One,168
4/1/2017,Citibank,133
4/1/2017,U.S. Bank,111
4/1/2017,USAA Federal Savings Bank,74
4/1/2017,Navy Federal Credit Union,72
4/1/2017,PNC BANK,66
4/1/2017,TD Bank,43
4/1/2017,Regions Bank,39
4/1/2017,"PNC Bank, N.A.",26
4/1/2017,Fifth Third Bank,24
4/1/2017,SunTrust,21
4/1/2017,BB&T Bank,19
4/1/2017,"Chase Bank USA, N.A.",16
4/1/2017,TFC Bank,14
4/1/2017,KeyBank,13
4/2/2017,Chase,528
4/2/2017,Bank of America,471
4/2/2017,Wells Fargo Bank,370
4/2/2017,American Express,164
4/2/2017,listing below.  There is no,150
4/2/2017,Capital One,147
4/2/2017,Citibank,120
4/2/2017,Navy Federal Credit Union,66
4/2/2017,U.S. Bank,62
4/2/2017,PNC BANK,54
4/2/2017,USAA Federal Savings Bank,49
4/2/2017,TD Bank,31
4/2/2017,SunTrust,26
4/2/2017,Elan Financial Services Fidelity,22
4/2/2017,"PNC Bank, N.A.",21
4/2/2017,Regions Bank,20
4/2/2017,BB&T Bank,18
4/2/2017,"Chase Bank USA, N.A.",14
4/2/2017,Fifth Third Bank,11
4/2/2017,TFC Bank,11
4/3/2017,Bank of America,622
4/3/2017,Chase,580
4/3/2017,Wells Fargo Bank,300
4/3/2017,listing below.  There is no,180
4/3/2017,American Express,179
4/3/2017,Capital One,176
4/3/2017,Citibank,116
4/3/2017,U.S. Bank,87
4/3/2017,PNC BANK,65
4/3/2017,Navy Federal Credit Union,65
4/3/2017,USAA Federal Savings Bank,54
4/3/2017,TD Bank,34
4/3/2017,Regions Bank,24
4/3/2017,SunTrust,22
4/3/2017,BB&T Bank,21
4/3/2017,"PNC Bank, N.A.",17
4/3/2017,TFC Bank,16
4/3/2017,Elan Financial Services Fidelity,16
4/3/2017,BBVA Compass,15
4/3/2017,"Chase Bank USA, N.A.",14
4/4/2017,Bank of America,768
4/4/2017,Chase,653
4/4/2017,Wells Fargo Bank,577
4/4/2017,American Express,208
4/4/2017,listing below.  There is no,188
4/4/2017,Capital One,182
4/4/2017,Citibank,144
4/4/2017,U.S. Bank,88
4/4/2017,Navy Federal Credit Union,71
4/4/2017,USAA Federal Savings Bank,61
4/4/2017,PNC BANK,55
4/4/2017,TD Bank,36
4/4/2017,Regions Bank,35
4/4/2017,SunTrust,25
4/4/2017,BB&T Bank,21
4/4/2017,"PNC Bank, N.A.",19
4/4/2017,Fifth Third Bank,16
4/4/2017,TFC Bank,12
4/4/2017,State Employees Credit Union,11
4/4/2017,KeyBank,11
4/5/2017,Bank of America,616
4/5/2017,Chase,597
4/5/2017,Wells Fargo Bank,416
4/5/2017,American Express,181
4/5/2017,Capital One,174
4/5/2017,listing below.  There is no,163
4/5/2017,Citibank,138
4/5/2017,U.S. Bank,100
4/5/2017,Navy Federal Credit Union,87
4/5/2017,PNC BANK,60
4/5/2017,USAA Federal Savings Bank,46
4/5/2017,TD Bank,41
4/5/2017,Regions Bank,35
4/5/2017,"PNC Bank, N.A.",21
4/5/2017,Elan Financial Services Fidelity,20
4/5/2017,SunTrust,19
4/5/2017,BB&T Bank,19
4/5/2017,TFC Bank,17
4/5/2017,Fifth Third Bank,12
4/5/2017,Digital Federal Credit Union,12
4/6/2017,Chase,521
4/6/2017,Bank of America,486
4/6/2017,Wells Fargo Bank,241
4/6/2017,American Express,167
4/6/2017,Capital One,155
4/6/2017,listing below.  There is no,131
4/6/2017,Citibank,126
4/6/2017,U.S. Bank,88
4/6/2017,Navy Federal Credit Union,70
4/6/2017,PNC BANK,61
4/6/2017,USAA Federal Savings Bank,56
4/6/2017,TD Bank,40
4/6/2017,Regions Bank,29
4/6/2017,"PNC Bank, N.A.",20
4/6/2017,SunTrust,18
4/6/2017,State Employees Credit Union,14
4/6/2017,Elan Financial Services Fidelity,13
4/6/2017,Fifth Third Bank,11
4/6/2017,"Chase Bank USA, N.A.",11
4/6/2017,BB&T Bank,11
4/7/2017,Bank of America,608
4/7/2017,Chase,573
4/7/2017,Wells Fargo Bank,531
4/7/2017,Capital One,173
4/7/2017,listing below.  There is no,166
4/7/2017,American Express,153
4/7/2017,Citibank,136
4/7/2017,U.S. Bank,81
4/7/2017,USAA Federal Savings Bank,63
4/7/2017,Navy Federal Credit Union,61
4/7/2017,PNC BANK,52
4/7/2017,TD Bank,36
4/7/2017,Regions Bank,23
4/7/2017,SunTrust,22
4/7/2017,Fifth Third Bank,19
4/7/2017,State Employees Credit Union,18
4/7/2017,"Chase Bank USA, N.A.",17
4/7/2017,"PNC Bank, N.A.",16
4/7/2017,BBVA Compass,15
4/7/2017,BB&T Bank,15
4/8/2017,Bank of America,585
4/8/2017,Chase,574
4/8/2017,Wells Fargo Bank,294
4/8/2017,Capital One,202
4/8/2017,listing below.  There is no,180
4/8/2017,Citibank,159
4/8/2017,American Express,158
4/8/2017,U.S. Bank,106
4/8/2017,PNC BANK,79
4/8/2017,Navy Federal Credit Union,76
4/8/2017,USAA Federal Savings Bank,53
4/8/2017,Regions Bank,38
4/8/2017,TD Bank,34
4/8/2017,SunTrust,31
4/8/2017,Elan Financial Services Fidelity,18
4/8/2017,"PNC Bank, N.A.",17
4/8/2017,BB&T Bank,16
4/8/2017,BBVA Compass,12
4/8/2017,"Chase Bank USA, N.A.",12
4/8/2017,America First Credit Union,10
4/9/2017,Chase,557
4/9/2017,Bank of America,498
4/9/2017,Wells Fargo Bank,417
4/9/2017,Capital One,173
4/9/2017,listing below.  There is no,173
4/9/2017,American Express,148
4/9/2017,Citibank,117
4/9/2017,U.S. Bank,83
4/9/2017,Navy Federal Credit Union,70
4/9/2017,USAA Federal Savings Bank,59
4/9/2017,PNC BANK,47
4/9/2017,TD Bank,33
4/9/2017,Regions Bank,29
4/9/2017,SunTrust,28
4/9/2017,"Chase Bank USA, N.A.",24
4/9/2017,"PNC Bank, N.A.",22
4/9/2017,Elan Financial Services Fidelity,16
4/9/2017,Fifth Third Bank,15
4/9/2017,State Employees Credit Union,14
4/9/2017,BB&T Bank,13
